"Data";"Descricao";"Categoria";"Conta";"Cartao";"Valor";"Status";"Compartilhado"
2025-01-10;"Gasto parcelado - Parcela 10/12; Curso Italiano";"Cursos";"C6";"C6";199.87;"Efetivado";"50/50"
2025-02-10;"Gasto parcelado - Parcela 11/12; Curso Italiano";"Cursos";"C6";"C6";199.87;"Efetivado";"50/50"
2025-03-10;"Gasto parcelado - Parcela 12/12; Curso Italiano";"Cursos";"C6";"C6";199.87;"Efetivado";"50/50"
2025-03-19;"Gasto parcelado - Parcela 10/10; Chapinha";"Beleza";"Nubank";"Nubank";29.99;"Efetivado";"100% Silvia"
2025-01-19;"Gasto parcelado - Parcela 8/10; Chapinha";"Beleza";"Nubank";"Nubank";29.99;"Efetivado";"100% Silvia"
2025-02-19;"Gasto parcelado - Parcela 9/10; Chapinha";"Beleza";"Nubank";"Nubank";29.99;"Efetivado";"100% Silvia"
2025-09-10;"Gasto parcelado - Parcela 10/10; Fogão";"Móveis";"C6";"C6";336.44;"Pendente";"100% Silvia"
2025-01-10;"Gasto parcelado - Parcela 2/10; Fogão";"Móveis";"C6";"C6";336.39;"Efetivado";"100% Silvia"
2025-02-10;"Gasto parcelado - Parcela 3/10; Fogão";"Móveis";"C6";"C6";336.39;"Efetivado";"100% Silvia"
2025-03-10;"Gasto parcelado - Parcela 4/10; Fogão";"Móveis";"C6";"C6";336.39;"Efetivado";"100% Silvia"
2025-04-10;"Gasto parcelado - Parcela 5/10; Fogão";"Móveis";"C6";"C6";336.39;"Efetivado";"100% Silvia"
2025-05-10;"Gasto parcelado - Parcela 6/10; Fogão";"Móveis";"C6";"C6";336.39;"Efetivado";"100% Silvia"
2025-06-10;"Gasto parcelado - Parcela 7/10; Fogão";"Móveis";"C6";"C6";336.39;"Efetivado";"100% Silvia"
2025-07-10;"Gasto parcelado - Parcela 8/10; Fogão";"Móveis";"C6";"C6";336.39;"Efetivado";"100% Silvia"
2025-08-11;"Gasto parcelado - Parcela 9/10; Fogão";"Móveis";"C6";"C6";336.39;"Efetivado";"100% Silvia"
2025-09-10;"Gasto parcelado - Parcela 10/10; Seguro Carro";"Seguros";"C6";"C6";138.08;"Pendente";"50/50"
2025-01-10;"Gasto parcelado - Parcela 2/10; Seguro Carro";"Seguros";"C6";"C6";138.08;"Efetivado";"50/50"
2025-02-10;"Gasto parcelado - Parcela 3/10; Seguro Carro";"Seguros";"C6";"C6";138.08;"Efetivado";"50/50"
2025-03-10;"Gasto parcelado - Parcela 4/10; Seguro Carro";"Seguros";"C6";"C6";138.08;"Efetivado";"50/50"
2025-04-10;"Gasto parcelado - Parcela 5/10; Seguro Carro";"Seguros";"C6";"C6";138.08;"Efetivado";"50/50"
2025-05-10;"Gasto parcelado - Parcela 6/10; Seguro Carro";"Seguros";"C6";"C6";138.08;"Efetivado";"50/50"
2025-06-10;"Gasto parcelado - Parcela 7/10; Seguro Carro";"Seguros";"C6";"C6";138.08;"Efetivado";"50/50"
2025-07-10;"Gasto parcelado - Parcela 8/10; Seguro Carro";"Seguros";"C6";"C6";138.08;"Efetivado";"50/50"
2025-08-11;"Gasto parcelado - Parcela 9/10; Seguro Carro";"Seguros";"C6";"C6";138.08;"Efetivado";"50/50"
2025-01-10;"Gasto parcelado - Parcela 2/4; ferramentas Nelson";"Presentes";"C6";"C6";51.61;"Efetivado";"100% Silvia"
2025-02-10;"Gasto parcelado - Parcela 3/4; ferramentas Nelson";"Presentes";"C6";"C6";51.61;"Efetivado";"100% Silvia"
2025-03-10;"Gasto parcelado - Parcela 4/4; ferramentas Nelson";"Presentes";"C6";"C6";51.61;"Efetivado";"100% Silvia"
2025-01-10;"Gasto parcelado - Parcela 2/2; Bauducco";"Mercado";"C6";"C6";103.21;"Efetivado";"50/50"
2025-01-10;"padaria";"Padaria";"C6";"C6";5.85;"Efetivado";"50/50"
2025-01-10;"Outback";"Restaurantes";"C6";"C6";91.7;"Efetivado";"50/50"
2025-01-10;"açougue";"Açougue";"C6";"C6";67.63;"Efetivado";"50/50"
2025-01-10;"Sacolao ";"Feira";"C6";"C6";23.86;"Efetivado";"50/50"
2025-01-10;"mercado";"Mercado";"C6";"C6";17;"Efetivado";"50/50"
2025-01-10;"padaria";"Padaria";"C6";"C6";6.31;"Efetivado";"50/50"
2025-01-10;"mercado";"Mercado";"C6";"C6";48.4;"Efetivado";"50/50"
2025-01-10;"restaurante";"Restaurantes";"C6";"C6";44;"Efetivado";"50/50"
2025-01-10;"mercado";"Mercado";"C6";"C6";10.8;"Efetivado";"50/50"
2025-01-10;"açougue";"Açougue";"C6";"C6";177.87;"Efetivado";"50/50"
2025-01-10;"restaurante";"Restaurantes";"C6";"C6";82;"Efetivado";"50/50"
2025-01-10;"padaria";"Padaria";"C6";"C6";39.7;"Efetivado";"50/50"
2025-01-10;"feira";"Feira";"C6";"C6";22;"Efetivado";"50/50"
2025-01-10;"feira";"Feira";"C6";"C6";15;"Efetivado";"50/50"
2025-01-10;"padaria";"Padaria";"C6";"C6";3;"Efetivado";"50/50"
2025-01-10;"padaria";"Padaria";"C6";"C6";41.78;"Efetivado";"50/50"
2025-01-10;"mercado";"Mercado";"C6";"C6";7.99;"Efetivado";"50/50"
2025-01-10;"farmacia";"Farmácia";"C6";"C6";130.99;"Efetivado";"100% Silvia"
2025-01-10;"gasolina";"Combustível";"C6";"C6";50;"Efetivado";"50/50"
2025-01-10;"padaria";"Padaria";"C6";"C6";41.78;"Efetivado";"50/50"
2025-01-10;"madero";"Restaurantes";"C6";"C6";173.99;"Efetivado";"50/50"
2025-01-10;"padaria";"Padaria";"C6";"C6";6.5;"Efetivado";"50/50"
2025-01-10;"gasolina";"Combustível";"C6";"C6";196.63;"Efetivado";"50/50"
2025-01-10;"restaurante";"Restaurantes";"C6";"C6";74;"Efetivado";"50/50"
2025-01-10;"mercado";"Mercado";"C6";"C6";25.12;"Efetivado";"50/50"
2025-01-10;"mercado";"Mercado";"C6";"C6";14.71;"Efetivado";"50/50"
2025-01-10;"restaurante";"Restaurantes";"C6";"C6";116.26;"Efetivado";"50/50"
2025-01-10;"Gasto parcelado - Parcela 1/3; air fryer Maria";"Móveis";"C6";"C6";99.68;"Efetivado";"100% Silvia"
2025-02-10;"Gasto parcelado - Parcela 2/3; air fryer Maria";"Móveis";"C6";"C6";99.66;"Efetivado";"100% Silvia"
2025-03-10;"Gasto parcelado - Parcela 3/3; air fryer Maria";"Móveis";"C6";"C6";99.66;"Efetivado";"100% Silvia"
2025-01-10;"restaurante";"Restaurantes";"C6";"C6";42;"Efetivado";"50/50"
2025-01-10;"restaurante";"Restaurantes";"C6";"C6";37.4;"Efetivado";"50/50"
2025-01-10;"restaurante";"Restaurantes";"C6";"C6";29.3;"Efetivado";"50/50"
2025-01-10;"gasolina";"Combustível";"C6";"C6";100;"Efetivado";"50/50"
2025-01-10;"gasolina";"Combustível";"C6";"C6";100;"Efetivado";"50/50"
2025-01-10;"restaurante";"Restaurantes";"C6";"C6";38;"Efetivado";"50/50"
2025-01-10;"padaria";"Padaria";"C6";"C6";37.78;"Efetivado";"50/50"
2025-01-19;"uber";"Uber";"Nubank";"Nubank";86;"Efetivado";"100% Silvia"
2025-01-19;"restaurante";"Restaurantes";"Nubank";"Nubank";53.9;"Efetivado";"100% Silvia"
2025-01-10;"padaria";"Padaria";"C6";"C6";41.78;"Efetivado";"50/50"
2025-01-19;"uber";"Uber";"Nubank";"Nubank";80.3;"Efetivado";"100% Silvia"
2025-01-19;"restaurante";"Restaurantes";"Nubank";"Nubank";66.84;"Efetivado";"100% Silvia"
2025-01-10;"restaurante";"Restaurantes";"C6";"C6";36;"Efetivado";"50/50"
2025-01-10;"padaria";"Padaria";"C6";"C6";6.4;"Efetivado";"50/50"
2025-01-10;"feira";"Feira";"C6";"C6";36;"Efetivado";"50/50"
2025-01-10;"feira";"Feira";"C6";"C6";23;"Efetivado";"50/50"
2025-01-10;"feira";"Feira";"C6";"C6";20;"Efetivado";"50/50"
2025-01-10;"feira";"Feira";"C6";"C6";10;"Efetivado";"50/50"
2025-01-10;"feira";"Feira";"C6";"C6";10;"Efetivado";"50/50"
2025-01-10;"feira";"Feira";"C6";"C6";10;"Efetivado";"50/50"
2025-01-10;"restaurante";"Restaurantes";"C6";"C6";41;"Efetivado";"50/50"
2025-01-10;"outros";"Móveis";"C6";"C6";73.1;"Efetivado";"100% Silvia"
2025-01-10;"restaurante";"Restaurantes";"C6";"C6";54;"Efetivado";"50/50"
2025-01-10;"padaria";"Padaria";"C6";"C6";49.56;"Efetivado";"50/50"
2025-01-19;"Deezer";"Streaming";"Nubank";"Nubank";43.9;"Efetivado";"100% Silvia"
2025-01-10;"restaurante";"Restaurantes";"C6";"C6";119.96;"Efetivado";"50/50"
2025-01-10;"padaria";"Padaria";"C6";"C6";4.7;"Efetivado";"50/50"
2025-01-10;"mercado";"Mercado";"C6";"C6";58.69;"Efetivado";"50/50"
2025-01-10;"outros";"Móveis";"C6";"C6";50;"Efetivado";"100% Silvia"
2025-01-10;"mercado";"Mercado";"C6";"C6";41.46;"Efetivado";"50/50"
2025-01-10;"padaria";"Padaria";"C6";"C6";5.6;"Efetivado";"50/50"
2025-01-10;"farmacia";"Farmácia";"C6";"C6";36.79;"Efetivado";"100% Silvia"
2025-01-10;"padaria";"Padaria";"C6";"C6";30.6;"Efetivado";"50/50"
2025-01-10;"Sacolao ";"Feira";"C6";"C6";27.12;"Efetivado";"50/50"
2025-01-10;"mercado";"Mercado";"C6";"C6";10.98;"Efetivado";"50/50"
2025-01-10;"padaria";"Padaria";"C6";"C6";21;"Efetivado";"50/50"
2025-01-10;"restaurante";"Restaurantes";"C6";"C6";59.8;"Efetivado";"50/50"
2025-01-10;"restaurante";"Restaurantes";"C6";"C6";31.7;"Efetivado";"50/50"
2025-01-10;"Outback";"Restaurantes";"C6";"C6";99.34;"Efetivado";"50/50"
2025-01-10;"ifood";"Restaurantes";"C6";"C6";89.9;"Efetivado";"50/50"
2025-01-10;"mercado";"Mercado";"C6";"C6";7.99;"Efetivado";"50/50"
2025-01-10;"padaria";"Padaria";"C6";"C6";3.97;"Efetivado";"50/50"
2025-01-10;"restaurante";"Restaurantes";"C6";"C6";196.62;"Efetivado";"50/50"
2025-01-10;"padaria";"Padaria";"C6";"C6";47.12;"Efetivado";"50/50"
2025-01-10;"restaurante";"Restaurantes";"C6";"C6";27;"Efetivado";"50/50"
2025-01-10;"mercado";"Mercado";"C6";"C6";234.95;"Efetivado";"50/50"
2025-01-10;"jonny rockets";"Restaurantes";"C6";"C6";124.08;"Efetivado";"50/50"
2025-01-10;"restaurante";"Restaurantes";"C6";"C6";24.3;"Efetivado";"50/50"
2025-01-10;"padaria";"Padaria";"C6";"C6";12.37;"Efetivado";"50/50"
2025-01-10;"padaria";"Padaria";"C6";"C6";10.59;"Efetivado";"50/50"
2025-01-10;"açougue";"Açougue";"C6";"C6";84.74;"Efetivado";"50/50"
2025-01-10;"mercado";"Mercado";"C6";"C6";30.97;"Efetivado";"50/50"
2025-01-10;"coca";"Restaurantes";"C6";"C6";10;"Efetivado";"50/50"
2025-01-10;"mercado";"Mercado";"C6";"C6";40.28;"Efetivado";"50/50"
2025-01-10;"Sacolao ";"Feira";"C6";"C6";27.47;"Efetivado";"50/50"
2025-01-10;"padaria";"Padaria";"C6";"C6";20.1;"Efetivado";"50/50"
2025-01-10;"padaria";"Padaria";"C6";"C6";18.6;"Efetivado";"50/50"
2025-01-10;"padaria";"Padaria";"C6";"C6";9;"Efetivado";"50/50"
2025-01-02;"IR TD";"Impostos";"Bradesco";"";5219.52;"Efetivado";"100% Silvia"
2025-01-10;"restaurante";"Restaurantes";"C6";"C6";109.8;"Efetivado";"50/50"
2025-01-02;"Juros TD";"Rendimentos";"Bradesco";"";536.46;"Efetivado";"100% Silvia"
2025-02-10;"ifood";"Restaurantes";"C6";"C6";98.99;"Efetivado";"50/50"
2025-01-03;"rendimentos";"Rendimentos";"Bradesco";"";0.13;"Efetivado";"100% Silvia"
2025-02-10;"açougue";"Açougue";"C6";"C6";111.65;"Efetivado";"50/50"
2025-02-10;"padaria";"Padaria";"C6";"C6";22.6;"Efetivado";"50/50"
2025-02-10;"FEIRA";"Feira";"C6";"C6";21;"Efetivado";"50/50"
2025-02-10;"FEIRA";"Feira";"C6";"C6";20;"Efetivado";"50/50"
2025-02-10;"FEIRA";"Feira";"C6";"C6";10;"Efetivado";"50/50"
2025-02-10;"mercado";"Mercado";"C6";"C6";7.99;"Efetivado";"50/50"
2025-01-06;"Pizza";"Restaurantes";"Bradesco";"";67;"Efetivado";"100% Silvia"
2025-01-06;"celular";"Celular";"Bradesco";"";56.42;"Efetivado";"100% Silvia"
2025-02-10;"restaurante";"Restaurantes";"C6";"C6";50;"Efetivado";"50/50"
2025-02-10;"padaria";"Padaria";"C6";"C6";18.6;"Efetivado";"50/50"
2025-02-10;"mercado";"Mercado";"C6";"C6";10.78;"Efetivado";"50/50"
2025-01-06;"net casa";"Internet";"C6";"";249.84;"Efetivado";"50/50"
2025-02-10;"gasolina";"Combustível";"C6";"C6";100;"Efetivado";"50/50"
2025-02-10;"padaria";"Padaria";"C6";"C6";41.78;"Efetivado";"50/50"
2025-02-10;"padaria";"Padaria";"C6";"C6";13.95;"Efetivado";"50/50"
2025-01-07;"cha bebe Livia";"Presentes";"Bradesco";"";100;"Efetivado";"100% Silvia"
2025-01-19;"restaurante";"Restaurantes";"Nubank";"Nubank";65.78;"Efetivado";"100% Silvia"
2025-01-19;"uber";"Uber";"Nubank";"Nubank";60.58;"Efetivado";"100% Silvia"
2025-02-10;"uber";"Uber";"C6";"C6";56.62;"Efetivado";"100% Silvia"
2025-02-10;"padaria";"Padaria";"C6";"C6";39.78;"Efetivado";"50/50"
2025-01-07;"estacionamento";"Estacionamento";"C6";"";31.75;"Efetivado";"50/50"
2025-01-19;"restaurante";"Restaurantes";"Nubank";"Nubank";69.6;"Efetivado";"100% Silvia"
2025-02-10;"padaria";"Padaria";"C6";"C6";4.63;"Efetivado";"50/50"
2025-02-10;"pastel";"Restaurantes";"C6";"C6";36;"Efetivado";"50/50"
2025-02-10;"caldo cana";"Restaurantes";"C6";"C6";16;"Efetivado";"50/50"
2025-02-10;"padaria";"Padaria";"C6";"C6";4.22;"Efetivado";"50/50"
2025-02-10;"ifood";"Restaurantes";"C6";"C6";89.9;"Efetivado";"50/50"
2025-02-10;"restaurante";"Restaurantes";"C6";"C6";46;"Efetivado";"50/50"
2025-02-10;"sorvete";"Restaurantes";"C6";"C6";8.7;"Efetivado";"50/50"
2025-02-10;"mercado";"Mercado";"C6";"C6";7.99;"Efetivado";"50/50"
2025-02-10;"padaria";"Padaria";"C6";"C6";57.8;"Efetivado";"50/50"
2025-02-10;"açougue";"Açougue";"C6";"C6";30.9;"Efetivado";"50/50"
2025-02-10;"FEIRA";"Feira";"C6";"C6";18;"Efetivado";"50/50"
2025-02-10;"FEIRA";"Feira";"C6";"C6";18;"Efetivado";"50/50"
2025-02-10;"FEIRA";"Feira";"C6";"C6";13;"Efetivado";"50/50"
2025-02-10;"FEIRA";"Feira";"C6";"C6";10;"Efetivado";"50/50"
2025-01-12;"Pizza";"Restaurantes";"Bradesco";"";67;"Efetivado";"100% Silvia"
2025-02-10;"mercado";"Mercado";"C6";"C6";60.24;"Efetivado";"50/50"
2025-02-10;"padaria";"Padaria";"C6";"C6";27;"Efetivado";"50/50"
2025-02-10;"uber";"Uber";"C6";"C6";44.14;"Efetivado";"100% Silvia"
2025-02-10;"padaria";"Padaria";"C6";"C6";39.78;"Efetivado";"50/50"
2025-01-13;"Aluguel";"Aluguel";"Nubank";"";1445.84;"Efetivado";"50/50"
2025-01-14;"Assinatura Amazon";"Streaming";"Bradesco";"";166.8;"Efetivado";"100% Silvia"
2025-02-19;"restaurante";"Restaurantes";"Nubank";"Nubank";94.6;"Efetivado";"100% Silvia"
2025-02-10;"uber";"Uber";"C6";"C6";51.53;"Efetivado";"100% Silvia"
2025-02-10;"gasolina";"Combustível";"C6";"C6";50;"Efetivado";"50/50"
2025-02-10;"padaria";"Padaria";"C6";"C6";37.78;"Efetivado";"50/50"
2025-01-15;"net mae";"Net - mãe";"Bradesco";"";354.37;"Efetivado";"100% Silvia"
2025-02-19;"restaurante";"Restaurantes";"Nubank";"Nubank";95.33;"Efetivado";"100% Silvia"
2025-01-15;"TGAR11";"Dividendos";"C6";"";4.4;"Efetivado";"100% Silvia"
2025-01-15;"HGLG11";"Dividendos";"C6";"";7.7;"Efetivado";"100% Silvia"
2025-01-15;"TRXF11";"Dividendos";"C6";"";225;"Efetivado";"100% Silvia"
2025-01-15;"RECR11";"Dividendos";"C6";"";416.39;"Efetivado";"100% Silvia"
2025-01-15;"Deposito Nelson ";"Deposito Nelson";"C6";"";1500;"Efetivado";"50/50"
2025-01-15;"Salario";"Salario";"Bradesco";"";13360;"Efetivado";"100% Silvia"
2025-02-10;"restaurante";"Restaurantes";"C6";"C6";73.5;"Efetivado";"50/50"
2025-02-10;"mercado";"Mercado";"C6";"C6";22.91;"Efetivado";"50/50"
2025-02-10;"FEIRA";"Feira";"C6";"C6";13;"Efetivado";"50/50"
2025-02-10;"padaria";"Padaria";"C6";"C6";6.7;"Efetivado";"50/50"
2025-02-10;"ifood";"Restaurantes";"C6";"C6";91.1;"Efetivado";"50/50"
2025-02-10;"restaurante";"Restaurantes";"C6";"C6";46;"Efetivado";"50/50"
2025-02-10;"Bolo";"Restaurantes";"C6";"C6";28;"Efetivado";"50/50"
2025-02-10;"mercado";"Mercado";"C6";"C6";7.99;"Efetivado";"50/50"
2025-02-10;"açougue";"Açougue";"C6";"C6";149.57;"Efetivado";"50/50"
2025-02-10;"mercado";"Mercado";"C6";"C6";57.07;"Efetivado";"50/50"
2025-02-10;"padaria";"Padaria";"C6";"C6";33.2;"Efetivado";"50/50"
2025-02-10;"FEIRA";"Feira";"C6";"C6";28;"Efetivado";"50/50"
2025-02-10;"Caragua";"Restaurantes";"C6";"C6";142.8;"Efetivado";"50/50"
2025-01-19;"pedagio caraguatatuba";"Pedagio";"C6";"";63.46;"Efetivado";"50/50"
2025-02-10;"Caragua";"Restaurantes";"C6";"C6";47;"Efetivado";"50/50"
2025-02-10;"padaria";"Padaria";"C6";"C6";21;"Efetivado";"50/50"
2025-02-10;"padaria";"Padaria";"C6";"C6";9;"Efetivado";"50/50"
2025-01-20;"condominio";"Condominio";"C6";"";921.98;"Efetivado";"50/50"
2025-02-10;"ifood";"Restaurantes";"C6";"C6";204.6;"Efetivado";"50/50"
2025-01-20;"enel";"Energia";"C6";"";96.02;"Efetivado";"50/50"
2025-02-10;"uber";"Uber";"C6";"C6";72.83;"Efetivado";"100% Silvia"
2025-01-20;"Pizza";"Restaurantes";"Bradesco";"";67;"Efetivado";"100% Silvia"
2025-02-19;"restaurante";"Restaurantes";"Nubank";"Nubank";65.3;"Efetivado";"100% Silvia"
2025-02-10;"padaria";"Padaria";"C6";"C6";41.78;"Efetivado";"50/50"
2025-01-20;"rendimentos";"Rendimentos";"Bradesco";"";0.01;"Efetivado";"100% Silvia"
2025-01-20;"VGIP11";"Dividendos";"C6";"";41.4;"Efetivado";"100% Silvia"
2025-01-21;"Gasto parcelado - Parcela 1/5; IPVA Yaris";"Impostos";"Nubank";"";564.12;"Efetivado";"50/50"
2025-02-21;"Gasto parcelado - Parcela 2/5; IPVA Yaris";"Impostos";"Nubank";"";564.12;"Efetivado";"50/50"
2025-03-21;"Gasto parcelado - Parcela 3/5; IPVA Yaris";"Impostos";"Nubank";"";564.12;"Efetivado";"50/50"
2025-04-21;"Gasto parcelado - Parcela 4/5; IPVA Yaris";"Impostos";"Nubank";"";564.12;"Efetivado";"50/50"
2025-05-21;"Gasto parcelado - Parcela 5/5; IPVA Yaris";"Impostos";"Nubank";"";564.12;"Efetivado";"50/50"
2025-02-19;"restaurante";"Restaurantes";"Nubank";"Nubank";100.5;"Efetivado";"100% Silvia"
2025-02-10;"gasolina";"Combustível";"C6";"C6";50;"Efetivado";"50/50"
2025-02-10;"uber";"Uber";"C6";"C6";49.9;"Efetivado";"100% Silvia"
2025-02-10;"padaria";"Padaria";"C6";"C6";42.69;"Efetivado";"50/50"
2025-02-10;"uber";"Uber";"C6";"C6";7.5;"Efetivado";"100% Silvia"
2025-02-10;"mercado";"Mercado";"C6";"C6";97.86;"Efetivado";"50/50"
2025-02-10;"padaria";"Padaria";"C6";"C6";13.69;"Efetivado";"50/50"
2025-02-10;"FEIRA";"Feira";"C6";"C6";25;"Efetivado";"50/50"
2025-02-10;"FEIRA";"Feira";"C6";"C6";24;"Efetivado";"50/50"
2025-02-10;"FEIRA";"Feira";"C6";"C6";16;"Efetivado";"50/50"
2025-02-10;"FEIRA";"Feira";"C6";"C6";15;"Efetivado";"50/50"
2025-01-23;"rendimentos";"Rendimentos";"Bradesco";"";0.16;"Efetivado";"100% Silvia"
2025-02-10;"restaurante";"Restaurantes";"C6";"C6";87.25;"Efetivado";"50/50"
2025-01-24;"Pizza";"Restaurantes";"Bradesco";"";57;"Efetivado";"100% Silvia"
2025-02-10;"sorvete";"Restaurantes";"C6";"C6";27.7;"Efetivado";"50/50"
2025-02-10;"padaria";"Padaria";"C6";"C6";5.74;"Efetivado";"50/50"
2025-01-24;"rendimentos";"Rendimentos";"Nubank";"";5.83;"Efetivado";"100% Silvia"
2025-02-10;"gasolina";"Combustível";"C6";"C6";156.89;"Efetivado";"50/50"
2025-02-10;"farmacia";"Farmácia";"C6";"C6";131.49;"Efetivado";"100% Silvia"
2025-02-10;"ifood";"Restaurantes";"C6";"C6";98;"Efetivado";"50/50"
2025-02-10;"guaruja";"Restaurantes";"C6";"C6";89.5;"Efetivado";"50/50"
2025-02-10;"mercado";"Mercado";"C6";"C6";56.64;"Efetivado";"50/50"
2025-01-25;"pedagio guaruja";"Pedagio";"C6";"";36.8;"Efetivado";"50/50"
2025-02-10;"padaria";"Padaria";"C6";"C6";30.5;"Efetivado";"50/50"
2025-02-10;"guaruja";"Restaurantes";"C6";"C6";29;"Efetivado";"50/50"
2025-01-26;"pedagio guaruja";"Pedagio";"C6";"";17.2;"Efetivado";"50/50"
2025-02-10;"mercado";"Mercado";"C6";"C6";14.84;"Efetivado";"50/50"
2025-02-10;"restaurante";"Restaurantes";"C6";"C6";174.27;"Efetivado";"50/50"
2025-01-27;"gas";"Gas";"C6";"";110.86;"Efetivado";"50/50"
2025-02-10;"guaruja";"Restaurantes";"C6";"C6";45;"Efetivado";"50/50"
2025-01-27;"shopping mooca";"Estacionamento";"C6";"";20;"Efetivado";"50/50"
2025-01-27;"pedagio guaruja";"Pedagio";"C6";"";17.2;"Efetivado";"50/50"
2025-02-10;"uber";"Uber";"C6";"C6";46.35;"Efetivado";"100% Silvia"
2025-02-10;"padaria";"Padaria";"C6";"C6";37.78;"Efetivado";"50/50"
2025-02-10;"gasolina";"Combustível";"C6";"C6";100;"Efetivado";"50/50"
2025-02-10;"uber";"Uber";"C6";"C6";84.5;"Efetivado";"100% Silvia"
2025-02-19;"restaurante";"Restaurantes";"Nubank";"Nubank";65.78;"Efetivado";"100% Silvia"
2025-02-10;"padaria";"Padaria";"C6";"C6";44.68;"Efetivado";"50/50"
2025-02-10;"mercado";"Mercado";"C6";"C6";40.38;"Efetivado";"50/50"
2025-02-10;"restaurante";"Restaurantes";"C6";"C6";39;"Efetivado";"50/50"
2025-01-30;"Convenio mãe";"Convenio - mãe";"Bradesco";"";1155;"Efetivado";"100% Silvia"
2025-02-19;"restaurante";"Restaurantes";"Nubank";"Nubank";130.9;"Efetivado";"100% Silvia"
2025-01-30;"rendimentos";"Rendimentos";"Bradesco";"";0.44;"Efetivado";"100% Silvia"
2025-02-10;"ifood";"Restaurantes";"C6";"C6";109.8;"Efetivado";"50/50"
2025-02-10;"restaurante";"Restaurantes";"C6";"C6";42;"Efetivado";"50/50"
2025-02-10;"restaurante";"Restaurantes";"C6";"C6";35.8;"Efetivado";"50/50"
2025-02-10;"padaria";"Padaria";"C6";"C6";3.21;"Efetivado";"50/50"
2025-01-31;"Salario";"Salario";"Bradesco";"";6218;"Efetivado";"100% Silvia"
2025-02-10;"padaria";"Padaria";"C6";"C6";49.47;"Efetivado";"50/50"
2025-02-10;"mercado";"Mercado";"C6";"C6";7.99;"Efetivado";"50/50"
2025-02-10;"restaurante";"Restaurantes";"C6";"C6";136.99;"Efetivado";"50/50"
2025-02-10;"padaria";"Padaria";"C6";"C6";17.55;"Efetivado";"50/50"
2025-02-10;"padaria";"Padaria";"C6";"C6";5.9;"Efetivado";"50/50"
2025-02-03;"Pizza";"Restaurantes";"Bradesco";"";67;"Efetivado";"100% Silvia"
2025-03-10;"MR MERCADOS";"Mercado";"C6";"C6";20.5;"Efetivado";"50/50"
2025-03-10;"D'ART PAES E DOCES";"Padaria";"C6";"C6";11.5;"Efetivado";"50/50"
2025-02-05;"net casa";"Internet";"C6";"";259.64;"Efetivado";"50/50"
2025-03-10;"IFOOD  *IFD*TORTA NO";"Restaurantes";"C6";"C6";115.69;"Efetivado";"50/50"
2025-03-10;"POP 05FEV 15H14MIN";"Uber";"C6";"C6";75.6;"Efetivado";"100% Silvia"
2025-02-05;"celular";"Celular";"Bradesco";"";56.42;"Efetivado";"100% Silvia"
2025-03-10;"PANIF LA PLAZA";"Padaria";"C6";"C6";37.78;"Efetivado";"100% Silvia"
2025-03-10;"MILTON SEITI MIURA";"Restaurantes";"C6";"C6";24;"Efetivado";"50/50"
2025-03-10;"FEIRANTE";"Feira";"C6";"C6";20;"Efetivado";"50/50"
2025-03-10;"JOSEROBERTO";"Feira";"C6";"C6";13;"Efetivado";"50/50"
2025-03-10;"CALDO DO LEANDRO";"Restaurantes";"C6";"C6";12;"Efetivado";"50/50"
2025-03-10;"REST FERNANDES QUEIROL";"Padaria";"C6";"C6";4.56;"Efetivado";"50/50"
2025-02-06;"Deposito Nelson ";"Deposito Nelson";"C6";"";1500;"Efetivado";"50/50"
2025-03-10;"IFD*RESTAURANTE LOUCAD";"Restaurantes";"C6";"C6";89.9;"Efetivado";"50/50"
2025-03-10;"PAYGO*OFICINA DOS SABO";"Restaurantes";"C6";"C6";42;"Efetivado";"50/50"
2025-03-10;"MP *PADARIAPENINH";"Padaria";"C6";"C6";35.8;"Efetivado";"50/50"
2025-03-10;"MR MERCADOS";"Mercado";"C6";"C6";7.99;"Efetivado";"50/50"
2025-03-10;"ULTRA BOI";"Açougue";"C6";"C6";88.26;"Efetivado";"50/50"
2025-03-10;"MR MERCADOS";"Mercado";"C6";"C6";72.82;"Efetivado";"50/50"
2025-03-10;"PANIFICADORA ALIANCA D";"Padaria";"C6";"C6";25.2;"Efetivado";"50/50"
2025-03-10;"NOVAZAZZA";"Restaurantes";"C6";"C6";105.7;"Efetivado";"50/50"
2025-03-10;"POSTO SERV AVANTGARDE";"Combustível";"C6";"C6";100;"Efetivado";"50/50"
2025-03-10;"D'ART PAES E DOCES";"Padaria";"C6";"C6";31.5;"Efetivado";"50/50"
2025-03-10;"NETFLIX.COM";"Streaming";"C6";"C6";20.9;"Efetivado";"50/50"
2025-03-10;"THISISORVETESECON";"Restaurantes";"C6";"C6";19.7;"Efetivado";"50/50"
2025-02-09;"pedagio";"Pedagio";"C6";"";13;"Efetivado";"50/50"
2025-02-09;"pedagio";"Pedagio";"C6";"";13;"Efetivado";"50/50"
2025-03-10;"POP 10FEV 15H37MIN";"Uber";"C6";"C6";78.7;"Efetivado";"100% Silvia"
2025-02-10;"restaurante";"Restaurantes";"Nubank";"";69.5;"Efetivado";"100% Silvia"
2025-02-10;"Pizza";"Restaurantes";"Bradesco";"";67;"Efetivado";"100% Silvia"
2025-03-10;"PANIF LA PLAZA";"Padaria";"C6";"C6";43.68;"Efetivado";"100% Silvia"
2025-03-10;"PANIF LA PLAZA";"Padaria";"C6";"C6";39.78;"Efetivado";"100% Silvia"
2025-02-11;"Aluguel";"Aluguel";"Nubank";"";1445.84;"Efetivado";"50/50"
2025-03-10;"UBER UBER *TRIP HELP.U";"Uber";"C6";"C6";31.48;"Efetivado";"100% Silvia"
2025-03-10;"D'ART PAES E DOCES";"Padaria";"C6";"C6";6.3;"Efetivado";"50/50"
2025-02-13;"pastel";"Restaurantes";"C6";"";24;"Efetivado";"100% Silvia"
2025-03-19;"restaurante";"Restaurantes";"Nubank";"Nubank";16;"Efetivado";"100% Silvia"
2025-03-10;"FRUTAS NOVAIS II";"Feira";"C6";"C6";15;"Efetivado";"50/50"
2025-03-10;"JOSEROBERTO";"Feira";"C6";"C6";15;"Efetivado";"50/50"
2025-03-10;"CALDO DO LEANDRO";"Restaurantes";"C6";"C6";12;"Efetivado";"50/50"
2025-03-10;"IFOOD  *IFD*ESFIHARIA";"Restaurantes";"C6";"C6";66.21;"Efetivado";"50/50"
2025-03-10;"OFICINA DOS SABORES";"Restaurantes";"C6";"C6";42;"Efetivado";"50/50"
2025-03-10;"D'ART PAES E DOCES";"Padaria";"C6";"C6";4.5;"Efetivado";"50/50"
2025-02-14;"HGRU11";"Dividendos";"C6";"";4.5;"Efetivado";"100% Silvia"
2025-02-14;"HGLG11";"Dividendos";"C6";"";7.7;"Efetivado";"100% Silvia"
2025-02-14;"TGAR11";"Dividendos";"C6";"";75;"Efetivado";"100% Silvia"
2025-02-14;"TRXF11";"Dividendos";"C6";"";176.7;"Efetivado";"100% Silvia"
2025-02-14;"RECR11";"Dividendos";"C6";"";484.79;"Efetivado";"100% Silvia"
2025-02-14;"Salario";"Salario";"Bradesco";"";13360;"Efetivado";"100% Silvia"
2025-03-10;"SOFISERV AUTO POSTO";"Combustível";"C6";"C6";100;"Efetivado";"50/50"
2025-03-10;"HORTIFRUTI E SUPERMER";"Feira";"C6";"C6";42.75;"Efetivado";"50/50"
2025-03-10;"PANIFICADORA ALIANCA D";"Padaria";"C6";"C6";31.2;"Efetivado";"50/50"
2025-03-10;"MR MERCADOS";"Mercado";"C6";"C6";18.76;"Efetivado";"50/50"
2025-03-10;"MR MERCADOS";"Mercado";"C6";"C6";42.35;"Efetivado";"50/50"
2025-03-10;"VINICIUSROVERONI";"Restaurantes";"C6";"C6";30;"Efetivado";"50/50"
2025-03-10;"AVENIDABRASILPAES";"Padaria";"C6";"C6";21.44;"Efetivado";"50/50"
2025-02-17;"iptu 2025";"Impostos";"Bradesco";"";2149.61;"Efetivado";"50/50"
2025-02-17;"Pizza";"Restaurantes";"Bradesco";"";188;"Efetivado";"100% Silvia"
2025-03-10;"99APP       *99APP";"Uber";"C6";"C6";71.5;"Efetivado";"100% Silvia"
2025-03-10;"PANIF LA PLAZA";"Padaria";"C6";"C6";39.78;"Efetivado";"100% Silvia"
2025-02-17;"estacionamento";"Estacionamento";"C6";"";15;"Efetivado";"50/50"
2025-02-17;"resgate CDB";"Rendimentos";"Bradesco";"";0.01;"Efetivado";"100% Silvia"
2025-02-18;"enel";"Energia";"C6";"";140.45;"Efetivado";"50/50"
2025-03-10;"IFD*JACSSON COMERCIO D";"Restaurantes";"C6";"C6";94.7;"Efetivado";"50/50"
2025-03-19;"restaurante";"Restaurantes";"Nubank";"Nubank";64.68;"Efetivado";"100% Silvia"
2025-03-10;"8 SEGUNDOS";"Restaurante";"C6";"C6";62.85;"Efetivado";"50/50"
2025-03-10;"MR MERCADOS";"Mercado";"C6";"C6";81.36;"Efetivado";"50/50"
2025-02-19;"Pizza";"Restaurantes";"Bradesco";"";57;"Efetivado";"100% Silvia"
2025-03-10;"D'ART PAES E DOCES";"Padaria";"C6";"C6";5.26;"Efetivado";"50/50"
2025-02-19;"resgate CDB";"Rendimentos";"Bradesco";"";0.04;"Efetivado";"100% Silvia"
2025-02-19;"VGIP11";"Dividendos";"C6";"";37.35;"Efetivado";"100% Silvia"
2025-02-20;"condominio";"Condominio";"C6";"";962.69;"Efetivado";"50/50"
2025-03-10;"MR MERCADOS";"Mercado";"C6";"C6";33.26;"Efetivado";"50/50"
2025-02-20;"PETR4";"Dividendos";"C6";"";2.64;"Efetivado";"100% Silvia"
2025-02-20;"PETR4";"Dividendos";"C6";"";169.35;"Efetivado";"100% Silvia"
2025-03-10;"PAYGO*OFICINA DOS SABO";"Restaurantes";"C6";"C6";42;"Efetivado";"50/50"
2025-03-10;"MR MERCADOS";"Mercado";"C6";"C6";13.96;"Efetivado";"50/50"
2025-03-10;"THISISORVETESECON";"Restaurantes";"C6";"C6";10.4;"Efetivado";"50/50"
2025-02-21;"resgate CDB";"Rendimentos";"Bradesco";"";0.12;"Efetivado";"100% Silvia"
2025-03-10;"D'ART PAES E DOCES";"Padaria";"C6";"C6";38.5;"Efetivado";"50/50"
2025-03-10;"POSTO CHICA JULIA";"Combustível";"C6";"C6";30;"Efetivado";"50/50"
2025-03-10;"IFD*DIO ITALIAN DELIVE";"Restaurantes";"C6";"C6";121.99;"Efetivado";"50/50"
2025-03-10;"SOFISERV AUTO POSTO";"Combustível";"C6";"C6";100;"Efetivado";"50/50"
2025-03-10;"IFOOD  *IFD*ADELMO BE";"Restaurantes";"C6";"C6";38.8;"Efetivado";"50/50"
2025-02-23;"estacionamento";"Estacionamento";"C6";"";26;"Efetivado";"50/50"
2025-03-10;"D'ART PAES E DOCES";"Padaria";"C6";"C6";10;"Efetivado";"50/50"
2025-02-24;"net mae";"Net - mãe";"Bradesco";"";369.68;"Efetivado";"100% Silvia"
2025-03-10;"99APP       *99APP";"Uber";"C6";"C6";79.1;"Efetivado";"100% Silvia"
2025-03-10;"PANIF LA PLAZA";"Padaria";"C6";"C6";77.67;"Efetivado";"100% Silvia"
2025-02-24;"comgas";"Gas";"C6";"";69.4;"Efetivado";"50/50"
2025-02-24;"Pizza";"Restaurantes";"Bradesco";"";67;"Efetivado";"100% Silvia"
2025-03-10;"SOFISERV AUTO POSTO";"Combustível";"C6";"C6";50;"Efetivado";"50/50"
2025-02-24;"pedagio";"Pedagio";"C6";"";36.8;"Efetivado";"50/50"
2025-02-24;"pedagio";"Pedagio";"C6";"";17.2;"Efetivado";"50/50"
2025-03-19;"restaurante";"Restaurantes";"Nubank";"Nubank";108.9;"Efetivado";"100% Silvia"
2025-03-10;"UBER* TRIP";"Uber";"C6";"C6";67.77;"Efetivado";"100% Silvia"
2025-03-10;"RAIA263";"Farmácia";"C6";"C6";51.19;"Efetivado";"100% Silvia"
2025-03-10;"PANIF LA PLAZA";"Padaria";"C6";"C6";43.29;"Efetivado";"100% Silvia"
2025-03-10;"MR MERCADOS";"Mercado";"C6";"C6";35.64;"Efetivado";"50/50"
2025-03-10;"CASA DE ADELIA-RESTAU";"Restaurantes";"C6";"C6";91.29;"Efetivado";"50/50"
2025-03-19;"restaurante";"Restaurantes";"Nubank";"Nubank";84.51;"Efetivado";"100% Silvia"
2025-04-10;"açougue";"Açougue";"C6";"C6";110.2;"Efetivado";"50/50"
2025-03-19;"restaurante";"Restaurantes";"Nubank";"Nubank";99.62;"Efetivado";"100% Silvia"
2025-04-10;"MR MERCADOS";"Mercado";"C6";"C6";33.64;"Efetivado";"50/50"
2025-04-10;"padaria";"Padaria";"C6";"C6";6.61;"Efetivado";"50/50"
2025-02-28;"convenio";"Convenio - mãe";"Bradesco";"";1155;"Efetivado";"100% Silvia"
2025-04-10;"Restaurante";"Restaurantes";"C6";"C6";46;"Efetivado";"50/50"
2025-04-10;"Restaurante";"Restaurantes";"C6";"C6";38.7;"Efetivado";"50/50"
2025-04-10;"farmacia";"Farmácia";"C6";"C6";38;"Efetivado";"100% Silvia"
2025-04-10;"MR MERCADOS";"Mercado";"C6";"C6";11.57;"Efetivado";"50/50"
2025-04-10;"padaria";"Padaria";"C6";"C6";3.73;"Efetivado";"50/50"
2025-02-28;"Salario";"Salario";"Bradesco";"";59928;"Efetivado";"100% Silvia"
2025-04-10;"SOFISERV AUTO POSTO";"Combustível";"C6";"C6";100;"Efetivado";"50/50"
2025-04-10;"MR MERCADOS";"Mercado";"C6";"C6";87.97;"Efetivado";"50/50"
2025-04-10;"feira";"Feira";"C6";"C6";51.1;"Efetivado";"50/50"
2025-04-10;"açougue";"Açougue";"C6";"C6";45.43;"Efetivado";"50/50"
2025-04-10;"padaria";"Padaria";"C6";"C6";40.7;"Efetivado";"50/50"
2025-04-10;"MR MERCADOS";"Mercado";"C6";"C6";18.98;"Efetivado";"50/50"
2025-04-10;"feira";"Feira";"C6";"C6";12;"Efetivado";"50/50"
2025-04-10;"feira";"Feira";"C6";"C6";10;"Efetivado";"50/50"
2025-04-10;"feira";"Feira";"C6";"C6";14;"Efetivado";"50/50"
2025-03-02;"padaria";"Padaria";"C6";"";6.99;"Efetivado";"50/50"
2025-03-02;"rendimentos";"Rendimentos";"Nubank";"";6.78;"Efetivado";"100% Silvia"
2025-04-10;"MR MERCADOS";"Mercado";"C6";"C6";20.54;"Efetivado";"50/50"
2025-03-05;"net casa";"Internet";"C6";"";259.64;"Efetivado";"50/50"
2025-03-19;"ifood";"Restaurantes";"Nubank";"Nubank";139.8;"Efetivado";"100% Silvia"
2025-03-05;"Pizza";"Restaurantes";"Bradesco";"";130;"Efetivado";"100% Silvia"
2025-04-10;"Restaurante";"Restaurantes";"C6";"C6";72.49;"Efetivado";"50/50"
2025-03-05;"celular";"Celular";"Bradesco";"";56.42;"Efetivado";"100% Silvia"
2025-04-10;"padaria";"Padaria";"C6";"C6";46.6;"Efetivado";"50/50"
2025-04-10;"Restaurante";"Restaurantes";"C6";"C6";42;"Efetivado";"50/50"
2025-04-10;"MR MERCADOS";"Mercado";"C6";"C6";38.74;"Efetivado";"50/50"
2025-04-10;"MR MERCADOS";"Mercado";"C6";"C6";28.45;"Efetivado";"50/50"
2025-03-05;"estacionamento";"Estacionamento";"C6";"";25;"Efetivado";"50/50"
2025-04-10;"MR MERCADOS";"Mercado";"C6";"C6";535.64;"Efetivado";"50/50"
2025-04-10;"MR MERCADOS";"Mercado";"C6";"C6";32.87;"Efetivado";"50/50"
2025-04-10;"padaria";"Padaria";"C6";"C6";29;"Efetivado";"50/50"
2025-04-10;"feira";"Feira";"C6";"C6";24;"Efetivado";"50/50"
2025-04-10;"feira";"Feira";"C6";"C6";15;"Efetivado";"50/50"
2025-04-10;"feira";"Feira";"C6";"C6";12;"Efetivado";"50/50"
2025-04-10;"feira";"Feira";"C6";"C6";8;"Efetivado";"50/50"
2025-04-10;"feira";"Feira";"C6";"C6";8;"Efetivado";"50/50"
2025-03-06;"rendimentos";"Rendimentos";"Bradesco";"";0.42;"Efetivado";"100% Silvia"
2025-04-10;"ifood";"Restaurantes";"C6";"C6";101.89;"Efetivado";"50/50"
2025-04-10;"padaria";"Padaria";"C6";"C6";9.4;"Efetivado";"50/50"
2025-04-10;"MR MERCADOS";"Mercado";"C6";"C6";7.99;"Efetivado";"50/50"
2025-04-10;"açougue";"Açougue";"C6";"C6";116.87;"Efetivado";"50/50"
2025-04-10;"gasolina";"Combustível";"C6";"C6";100;"Efetivado";"50/50"
2025-04-10;"padaria";"Padaria";"C6";"C6";24.81;"Efetivado";"50/50"
2025-04-10;"feira";"Feira";"C6";"C6";8;"Efetivado";"50/50"
2025-04-10;"ifood";"Restaurantes";"C6";"C6";78.99;"Efetivado";"50/50"
2025-04-10;"Restaurante";"Restaurantes";"C6";"C6";23.9;"Efetivado";"50/50"
2025-04-10;"NETFLIX.COM";"Streaming";"C6";"C6";20.9;"Efetivado";"50/50"
2025-04-10;"MR MERCADOS";"Mercado";"C6";"C6";7.99;"Efetivado";"50/50"
2025-04-10;"padaria";"Padaria";"C6";"C6";4.18;"Efetivado";"50/50"
2025-03-10;"Pizza";"Restaurantes";"Bradesco";"";67;"Efetivado";"100% Silvia"
2025-04-10;"Uber";"Uber";"C6";"C6";52.6;"Efetivado";"100% Silvia"
2025-04-10;"PANIF LA PLAZA";"Padaria";"C6";"C6";39.78;"Efetivado";"100% Silvia"
2025-04-10;"Uber";"Uber";"C6";"C6";7.89;"Efetivado";"100% Silvia"
2025-03-10;"rendimentos";"Rendimentos";"Bradesco";"";0.06;"Efetivado";"100% Silvia"
2025-03-19;"restaurante";"Restaurantes";"Nubank";"Nubank";103.58;"Efetivado";"100% Silvia"
2025-04-10;"padaria";"Padaria";"C6";"C6";9.2;"Efetivado";"50/50"
2025-03-11;"Aluguel";"Aluguel";"Nubank";"";1445.84;"Efetivado";"50/50"
2025-04-10;"Restaurante";"Restaurantes";"C6";"C6";85.8;"Efetivado";"50/50"
2025-04-10;"Restaurante";"Restaurantes";"C6";"C6";68;"Efetivado";"50/50"
2025-04-10;"Restaurante";"Restaurantes";"C6";"C6";55;"Efetivado";"50/50"
2025-04-10;"padaria";"Padaria";"C6";"C6";7.27;"Efetivado";"50/50"
2025-04-10;"feira";"Feira";"C6";"C6";24;"Efetivado";"50/50"
2025-04-10;"feira";"Feira";"C6";"C6";15;"Efetivado";"50/50"
2025-04-10;"feira";"Feira";"C6";"C6";12;"Efetivado";"50/50"
2025-04-10;"padaria";"Padaria";"C6";"C6";11;"Efetivado";"50/50"
2025-04-10;"feira";"Feira";"C6";"C6";7;"Efetivado";"50/50"
2025-03-13;"Deposito Nelson ";"Deposito Nelson";"C6";"";1850;"Efetivado";"50/50"
2025-04-10;"ifood";"Restaurantes";"C6";"C6";123.79;"Efetivado";"50/50"
2025-04-10;"padaria";"Padaria";"C6";"C6";10.42;"Efetivado";"50/50"
2025-03-14;"Salario";"Salario";"Bradesco";"";13360;"Efetivado";"100% Silvia"
2025-04-10;"farmacia";"Farmácia";"C6";"C6";207.36;"Efetivado";"100% Silvia"
2025-04-10;"Restaurante";"Restaurantes";"C6";"C6";78.75;"Efetivado";"50/50"
2025-04-10;"açougue";"Açougue";"C6";"C6";75.19;"Efetivado";"50/50"
2025-04-10;"padaria";"Padaria";"C6";"C6";23;"Efetivado";"50/50"
2025-04-10;"MR MERCADOS";"Mercado";"C6";"C6";7.99;"Efetivado";"50/50"
2025-04-10;"SOFISERV AUTO POSTO";"Combustível";"C6";"C6";100;"Efetivado";"50/50"
2025-04-10;"padaria";"Padaria";"C6";"C6";8.35;"Efetivado";"50/50"
2025-03-16;"mogi";"Pedagio";"C6";"";5.4;"Efetivado";"50/50"
2025-03-16;"rendimentos";"Rendimentos";"Nubank";"";13.65;"Efetivado";"100% Silvia"
2025-03-17;"net mae";"Net - mãe";"Bradesco";"";377.25;"Efetivado";"100% Silvia"
2025-04-10;"Uber";"Uber";"C6";"C6";67.28;"Efetivado";"100% Silvia"
2025-03-17;"Pizza";"Restaurantes";"Bradesco";"";62;"Efetivado";"100% Silvia"
2025-04-10;"PANIF LA PLAZA";"Padaria";"C6";"C6";41.78;"Efetivado";"100% Silvia"
2025-03-18;"enel";"Energia";"C6";"";225.19;"Efetivado";"50/50"
2025-04-10;"Uber";"Uber";"C6";"C6";72.56;"Efetivado";"100% Silvia"
2025-04-10;"ifood";"Restaurantes";"C6";"C6";60.9;"Efetivado";"50/50"
2025-04-19;"restaurante";"Restaurantes";"Nubank";"Nubank";56.4;"Efetivado";"100% Silvia"
2025-04-10;"SOFISERV AUTO POSTO";"Combustível";"C6";"C6";50;"Efetivado";"50/50"
2025-04-10;"PANIF LA PLAZA";"Padaria";"C6";"C6";39.78;"Efetivado";"100% Silvia"
2025-04-10;"Restaurante";"Restaurantes";"C6";"C6";30;"Efetivado";"50/50"
2025-03-18;"HGRU11";"Dividendos";"C6";"";4.5;"Efetivado";"100% Silvia"
2025-03-18;"HGLG11";"Dividendos";"C6";"";7.7;"Efetivado";"100% Silvia"
2025-03-18;"TGAR11";"Dividendos";"C6";"";75;"Efetivado";"100% Silvia"
2025-03-18;"TRXF11";"Dividendos";"C6";"";184.14;"Efetivado";"100% Silvia"
2025-03-18;"RECR11";"Dividendos";"C6";"";446.93;"Efetivado";"100% Silvia"
2025-03-19;"Pizza";"Restaurantes";"Bradesco";"";77;"Efetivado";"100% Silvia"
2025-04-19;"restaurante";"Restaurantes";"Nubank";"Nubank";62.48;"Efetivado";"100% Silvia"
2025-04-10;"padaria";"Padaria";"C6";"C6";11.5;"Efetivado";"50/50"
2025-03-19;"resgate cdb";"Rendimentos";"Bradesco";"";0.05;"Efetivado";"100% Silvia"
2025-03-20;"condominio";"Condominio";"C6";"";962.69;"Efetivado";"50/50"
2025-03-20;"camisetas";"Roupas";"Bradesco";"";128.24;"Efetivado";"100% Silvia"
2025-04-10;"Restaurante";"Restaurantes";"C6";"C6";87.14;"Efetivado";"50/50"
2025-04-10;"MR MERCADOS";"Mercado";"C6";"C6";16.98;"Efetivado";"50/50"
2025-04-10;"padaria";"Padaria";"C6";"C6";6.45;"Efetivado";"50/50"
2025-03-20;"resgate cdb";"Rendimentos";"Bradesco";"";0.02;"Efetivado";"100% Silvia"
2025-03-20;"PETR4";"Dividendos";"C6";"";2.69;"Efetivado";"100% Silvia"
2025-03-20;"PETR4";"Dividendos";"C6";"";4.04;"Efetivado";"100% Silvia"
2025-03-20;"PETR4";"Dividendos";"C6";"";196.06;"Efetivado";"100% Silvia"
2025-04-10;"MR MERCADOS";"Mercado";"C6";"C6";99.77;"Efetivado";"50/50"
2025-04-10;"MR MERCADOS";"Mercado";"C6";"C6";45.98;"Efetivado";"50/50"
2025-03-21;"resgate cdb";"Rendimentos";"Bradesco";"";0.21;"Efetivado";"100% Silvia"
2025-03-21;"VGIP11";"Dividendos";"C6";"";40.95;"Efetivado";"100% Silvia"
2025-04-10;"Cabelo";"Beleza";"C6";"C6";185;"Efetivado";"100% Silvia"
2025-04-10;"açougue";"Açougue";"C6";"C6";112.09;"Efetivado";"50/50"
2025-04-10;"padaria";"Padaria";"C6";"C6";30.7;"Efetivado";"50/50"
2025-04-10;"feira";"Feira";"C6";"C6";21.78;"Efetivado";"50/50"
2025-04-10;"feira";"Feira";"C6";"C6";18;"Efetivado";"50/50"
2025-04-10;"feira";"Feira";"C6";"C6";13;"Efetivado";"50/50"
2025-04-10;"feira";"Feira";"C6";"C6";10;"Efetivado";"50/50"
2025-04-10;"feira";"Feira";"C6";"C6";8;"Efetivado";"50/50"
2025-04-10;"MR MERCADOS";"Mercado";"C6";"C6";7.99;"Efetivado";"50/50"
2025-04-10;"Restaurante";"Restaurantes";"C6";"C6";84.53;"Efetivado";"50/50"
2025-04-10;"gasolina";"Combustível";"C6";"C6";50;"Efetivado";"50/50"
2025-03-23;"estacionamento";"Estacionamento";"C6";"";26;"Efetivado";"50/50"
2025-04-10;"MR MERCADOS";"Mercado";"C6";"C6";13.8;"Efetivado";"50/50"
2025-04-10;"padaria";"Padaria";"C6";"C6";11.5;"Efetivado";"50/50"
2025-04-10;"farmacia";"Farmácia";"C6";"C6";7.2;"Efetivado";"100% Silvia"
2025-03-23;"rendimentos";"Rendimentos";"Nubank";"";7.6;"Efetivado";"100% Silvia"
2025-04-10;"Uber";"Uber";"C6";"C6";82.11;"Efetivado";"100% Silvia"
2025-03-24;"Pizza";"Restaurantes";"Bradesco";"";67;"Efetivado";"100% Silvia"
2025-04-19;"restaurante";"Restaurantes";"Nubank";"Nubank";64.4;"Efetivado";"100% Silvia"
2025-04-10;"PANIF LA PLAZA";"Padaria";"C6";"C6";39.78;"Efetivado";"100% Silvia"
2025-03-24;"resgate cdb";"Rendimentos";"Bradesco";"";0.03;"Efetivado";"100% Silvia"
2025-04-19;"restaurante";"Restaurantes";"Nubank";"Nubank";74.74;"Efetivado";"100% Silvia"
2025-04-10;"PANIF LA PLAZA";"Padaria";"C6";"C6";43.38;"Efetivado";"100% Silvia"
2025-04-10;"Uber";"Uber";"C6";"C6";41.22;"Efetivado";"100% Silvia"
2025-04-10;"Uber";"Uber";"C6";"C6";21.88;"Efetivado";"100% Silvia"
2025-03-25;"XPML11";"Dividendos";"C6";"";184;"Efetivado";"100% Silvia"
2025-03-26;"comgas";"Gas";"C6";"";87.05;"Efetivado";"50/50"
2025-04-10;"padaria";"Padaria";"C6";"C6";11.5;"Efetivado";"50/50"
2025-04-10;"MR MERCADOS";"Mercado";"C6";"C6";7.98;"Efetivado";"50/50"
2025-04-10;"MR MERCADOS";"Mercado";"C6";"C6";47.18;"Efetivado";"50/50"
2025-04-10;"feira";"Feira";"C6";"C6";36;"Efetivado";"50/50"
2025-04-10;"feira";"Feira";"C6";"C6";12;"Efetivado";"50/50"
2025-04-10;"feira";"Feira";"C6";"C6";10;"Efetivado";"50/50"
2025-03-28;"Madero";"Restaurantes";"Bradesco";"";130.75;"Efetivado";"100% Silvia"
2025-04-10;"Restaurante";"Restaurantes";"C6";"C6";72.9;"Efetivado";"50/50"
2025-03-28;"Salario";"Salario";"Bradesco";"";35161;"Efetivado";"100% Silvia"
2025-04-10;"Restaurante";"Restaurantes";"C6";"C6";116;"Efetivado";"50/50"
2025-04-10;"açougue";"Açougue";"C6";"C6";65.91;"Efetivado";"50/50"
2025-04-10;"Restaurante";"Restaurantes";"C6";"C6";47.14;"Efetivado";"50/50"
2025-04-10;"padaria";"Padaria";"C6";"C6";35.6;"Efetivado";"50/50"
2025-03-31;"Convenio mãe";"Convenio - mãe";"Bradesco";"";1150;"Efetivado";"100% Silvia"
2025-03-31;"Pizza";"Restaurantes";"Bradesco";"";67;"Efetivado";"100% Silvia"
2025-04-19;"restaurante";"Restaurantes";"Nubank";"Nubank";64.68;"Efetivado";"100% Silvia"
2025-04-10;"Uber";"Uber";"C6";"C6";60.9;"Efetivado";"100% Silvia"
2025-04-10;"PANIF LA PLAZA";"Padaria";"C6";"C6";46.68;"Efetivado";"100% Silvia"
2025-04-10;"Uber";"Uber";"C6";"C6";9.14;"Efetivado";"100% Silvia"
2025-03-31;"resgate cdb";"Rendimentos";"Bradesco";"";0.17;"Efetivado";"100% Silvia"
2025-03-31;"rendimentos";"Rendimentos";"Nubank";"";54.31;"Efetivado";"100% Silvia"
2025-04-19;"restaurante";"Restaurantes";"Nubank";"Nubank";84.75;"Efetivado";"100% Silvia"
2025-04-10;"Uber";"Uber";"C6";"C6";60;"Efetivado";"100% Silvia"
2025-04-10;"MR MERCADOS";"Mercado";"C6";"C6";57.44;"Efetivado";"50/50"
2025-04-10;"PANIF LA PLAZA";"Padaria";"C6";"C6";39.78;"Efetivado";"100% Silvia"
2025-04-10;"Restaurante";"Restaurantes";"C6";"C6";32.9;"Efetivado";"50/50"
2025-04-10;"padaria";"Padaria";"C6";"C6";8.23;"Efetivado";"50/50"
2025-05-10;"LICIA MIURA";"Feira";"C6";"C6";36;"Efetivado";"50/50"
2025-05-10;"FRUTAS NOVAIS II";"Feira";"C6";"C6";25;"Efetivado";"50/50"
2025-05-10;"LEGUMES E VERDURAS";"Feira";"C6";"C6";13;"Efetivado";"50/50"
2025-05-10;"CALDO DO LEANDRO";"Feira";"C6";"C6";12;"Efetivado";"50/50"
2025-04-03;"Deposito Nelson ";"Deposito Nelson";"C6";"";1500;"Efetivado";"50/50"
2025-05-10;"IFOOD  *IFD*RESTAURAN";"Restaurantes";"C6";"C6";117.19;"Efetivado";"50/50"
2025-05-10;"8 SEGUNDOS";"Restaurante";"C6";"C6";67.77;"Efetivado";"50/50"
2025-05-10;"EMPORIO DIVINA SEMENTE";"Mercado";"C6";"C6";44.47;"Efetivado";"50/50"
2025-05-10;"MR MERCADOS";"Mercado";"C6";"C6";7.99;"Efetivado";"50/50"
2025-05-10;"REST FERNANDES QUEIROL";"Padaria";"C6";"C6";4.04;"Efetivado";"50/50"
2025-04-04;"resgate cdb";"Rendimentos";"Bradesco";"";2.52;"Efetivado";"100% Silvia"
2025-05-10;"POSTO SERV AVANTGARDE";"Combustível";"C6";"C6";100;"Efetivado";"50/50"
2025-05-10;"PARISDELIVERY";"Padaria";"C6";"C6";54.3;"Efetivado";"50/50"
2025-05-10;"IFD*DIO ITALIAN DELIVE";"Restaurantes";"C6";"C6";126.99;"Efetivado";"50/50"
2025-05-10;"D'ART PAES E DOCES";"Padaria";"C6";"C6";9.67;"Efetivado";"50/50"
2025-04-07;"Net";"Internet";"C6";"";259.64;"Efetivado";"50/50"
2025-04-19;"restaurante";"Restaurantes";"Nubank";"Nubank";69.9;"Efetivado";"100% Silvia"
2025-04-07;"Pizza";"Restaurantes";"Bradesco";"";67;"Efetivado";"100% Silvia"
2025-04-07;"claro";"Celular";"Bradesco";"";61.3;"Efetivado";"100% Silvia"
2025-05-10;"99* POP 07ABR 15H28MIN";"Uber";"C6";"C6";48.5;"Efetivado";"100% Silvia"
2025-05-10;"PANIF LA PLAZA";"Padaria";"C6";"C6";39.78;"Efetivado";"100% Silvia"
2025-05-10;"99APP       *99APP";"Uber";"C6";"C6";25.63;"Efetivado";"100% Silvia"
2025-05-10;"MR MERCADOS";"Mercado";"C6";"C6";19.02;"Efetivado";"50/50"
2025-04-07;"resgate cdb";"Rendimentos";"Bradesco";"";0.01;"Efetivado";"100% Silvia"
2025-04-19;"restaurante";"Restaurantes";"Nubank";"Nubank";78.32;"Efetivado";"100% Silvia"
2025-05-10;"POP 08ABR 15H24MIN";"Uber";"C6";"C6";55.35;"Efetivado";"100% Silvia"
2025-05-10;"PANIF LA PLAZA";"Padaria";"C6";"C6";46.68;"Efetivado";"100% Silvia"
2025-05-10;"IFD*JACSSON COMERCIO D";"Restaurantes";"C6";"C6";94.7;"Efetivado";"50/50"
2025-05-10;"99* POP 09ABR 17H08MIN";"Uber";"C6";"C6";20.9;"Efetivado";"100% Silvia"
2025-05-10;"NETFLIX.COM";"Streaming";"C6";"C6";20.9;"Efetivado";"50/50"
2025-05-10;"UBER* TRIP";"Uber";"C6";"C6";15.15;"Efetivado";"100% Silvia"
2025-04-09;"padaria";"Padaria";"C6";"";11.5;"Efetivado";"50/50"
2025-04-10;"Pizza";"Restaurantes";"Bradesco";"";57;"Efetivado";"100% Silvia"
2025-05-10;"FRUTAS NOVAIS";"Feira";"C6";"C6";30;"Efetivado";"50/50"
2025-05-10;"FEIRANTE";"Feira";"C6";"C6";20;"Efetivado";"50/50"
2025-05-10;"LEGUMES E VERDURAS";"Feira";"C6";"C6";15;"Efetivado";"50/50"
2025-05-10;"D'ART PAES E DOCES";"Padaria";"C6";"C6";7.6;"Efetivado";"50/50"
2025-04-10;"resgate cdb";"Rendimentos";"Bradesco";"";0.48;"Efetivado";"100% Silvia"
2025-05-10;"ULTRA BOI";"Açougue";"C6";"C6";91.74;"Efetivado";"50/50"
2025-05-10;"MR MERCADOS";"Mercado";"C6";"C6";16.93;"Efetivado";"50/50"
2025-05-10;"REST FERNANDES QUEIROL";"Padaria";"C6";"C6";9.32;"Efetivado";"50/50"
2025-04-11;"Aluguel";"Aluguel";"Nubank";"";1445.84;"Efetivado";"50/50"
2025-05-10;"SOFISERV AUTO POSTO";"Combustível";"C6";"C6";100;"Efetivado";"50/50"
2025-05-10;"IFOOD  *IFD*DOCERIA K";"Restaurantes";"C6";"C6";46.8;"Efetivado";"50/50"
2025-04-12;"estacionamento";"Estacionamento";"C6";"";26;"Efetivado";"50/50"
2025-05-10;"COCO BAMBU A*CB ANHEMB";"Restaurantes";"C6";"C6";190.81;"Efetivado";"50/50"
2025-05-10;"D'ART PAES E DOCES";"Padaria";"C6";"C6";13.6;"Efetivado";"50/50"
2025-04-13;"rendimentos";"Rendimentos";"Nubank";"";23.04;"Efetivado";"100% Silvia"
2025-04-14;"Jesus";"Cursos";"Bradesco";"";297;"Efetivado";"100% Silvia"
2025-04-14;"Pizza";"Restaurantes";"Bradesco";"";67;"Efetivado";"100% Silvia"
2025-05-10;"99* POP 14ABR 15H42MIN";"Uber";"C6";"C6";58.6;"Efetivado";"100% Silvia"
2025-05-10;"PANIF LA PLAZA";"Padaria";"C6";"C6";39.78;"Efetivado";"100% Silvia"
2025-05-10;"MR MERCADOS";"Mercado";"C6";"C6";35.18;"Efetivado";"50/50"
2025-05-10;"DROGARIA SAO PAULO 200";"Farmácia";"C6";"C6";6.99;"Efetivado";"100% Silvia"
2025-04-14;"resgate cdb";"Rendimentos";"Bradesco";"";0.05;"Efetivado";"100% Silvia"
2025-04-14;"HGRU11";"Dividendos";"C6";"";4.5;"Efetivado";"100% Silvia"
2025-04-14;"HGLG11";"Dividendos";"C6";"";7.7;"Efetivado";"100% Silvia"
2025-04-14;"TGAR11";"Dividendos";"C6";"";75;"Efetivado";"100% Silvia"
2025-04-14;"TRXF11";"Dividendos";"C6";"";323.64;"Efetivado";"100% Silvia"
2025-04-14;"RECR11";"Dividendos";"C6";"";750.06;"Efetivado";"100% Silvia"
2025-04-15;"net mae";"Net - mãe";"Bradesco";"";369.68;"Efetivado";"100% Silvia"
2025-05-10;"PG *O REINO DO PEIXE";"Mercado";"C6";"C6";174.1;"Efetivado";"50/50"
2025-05-19;"Restaurante";"Restaurantes";"Nubank";"Nubank";67.58;"Efetivado";"100% Silvia"
2025-05-10;"MR MERCADOS";"Mercado";"C6";"C6";37.12;"Efetivado";"50/50"
2025-04-15;"Salario";"Salario";"Bradesco";"";13895;"Efetivado";"100% Silvia"
2025-05-10;"EMPORIO DIVINA SEMENTE";"Mercado";"C6";"C6";29.58;"Efetivado";"50/50"
2025-05-10;"MR MERCADOS";"Mercado";"C6";"C6";27.67;"Efetivado";"50/50"
2025-05-10;"HORTIFRUTI E SUPERMER";"Feira";"C6";"C6";41.72;"Efetivado";"50/50"
2025-05-10;"MILTON SEITI MIURA";"Feira";"C6";"C6";24;"Efetivado";"50/50"
2025-05-10;"JOSEROBERTO";"Feira";"C6";"C6";14;"Efetivado";"50/50"
2025-05-10;"LEGUMES E VERDURAS";"Feira";"C6";"C6";14;"Efetivado";"50/50"
2025-05-10;"PADARIAPENINH";"Padaria";"C6";"C6";7;"Efetivado";"50/50"
2025-04-17;"VGIP11";"Dividendos";"C6";"";32.4;"Efetivado";"100% Silvia"
2025-05-10;"THISISORVETESECON";"Mercado";"C6";"C6";46.5;"Efetivado";"50/50"
2025-05-10;"MR MERCADOS";"Mercado";"C6";"C6";39.95;"Efetivado";"50/50"
2025-05-10;"D'ART PAES E DOCES";"Padaria";"C6";"C6";8.84;"Efetivado";"50/50"
2025-05-10;"REST FERNANDES QUEIROL";"Padaria";"C6";"C6";5.49;"Efetivado";"50/50"
2025-05-10;"HORTIFRUTI E SUPERMER";"Feira";"C6";"C6";22;"Efetivado";"50/50"
2025-05-10;"PANETTERIA ZN";"Padaria";"C6";"C6";54.68;"Efetivado";"50/50"
2025-05-10;"RAIA263";"Farmácia";"C6";"C6";33.27;"Efetivado";"100% Silvia"
2025-05-10;"MR MERCADOS";"Mercado";"C6";"C6";28.44;"Efetivado";"50/50"
2025-04-20;"padaria";"Padaria";"Nubank";"";10.8;"Efetivado";"50/50"
2025-05-25;"restaurante";"Restaurantes";"Bradesco";"Bradesco";46.7;"Efetivado";"100% Silvia"
2025-05-10;"BURGER KING";"Restaurantes";"C6";"C6";28.9;"Efetivado";"50/50"
2025-04-21;"estacionamento";"Estacionamento";"C6";"";19;"Efetivado";"50/50"
2025-05-10;"GOCOFFEE";"Restaurantes";"C6";"C6";10;"Efetivado";"50/50"
2025-04-21;"padaria";"Padaria";"C6";"";2.93;"Efetivado";"50/50"
2025-04-22;"condominio";"Condominio";"C6";"";962.69;"Efetivado";"50/50"
2025-05-10;"Gasto parcelado - Parcela 1/10; Oculos";"Diversos";"C6";"C6";320;"Efetivado";"50/50"
2026-02-10;"Gasto parcelado - Parcela 10/10; Oculos";"Diversos";"C6";"C6";320;"Pendente";"50/50"
2025-06-10;"Gasto parcelado - Parcela 2/10; Oculos";"Diversos";"C6";"C6";320;"Efetivado";"50/50"
2025-07-10;"Gasto parcelado - Parcela 3/10; Oculos";"Diversos";"C6";"C6";320;"Efetivado";"50/50"
2025-08-11;"Gasto parcelado - Parcela 4/10; Oculos";"Diversos";"C6";"C6";320;"Efetivado";"50/50"
2025-09-10;"Gasto parcelado - Parcela 5/10; Oculos";"Diversos";"C6";"C6";320;"Pendente";"50/50"
2025-10-10;"Gasto parcelado - Parcela 6/10; Oculos";"Diversos";"C6";"C6";320;"Pendente";"50/50"
2025-11-10;"Gasto parcelado - Parcela 7/10; Oculos";"Diversos";"C6";"C6";320;"Pendente";"50/50"
2025-12-10;"Gasto parcelado - Parcela 8/10; Oculos";"Diversos";"C6";"C6";320;"Pendente";"50/50"
2026-01-10;"Gasto parcelado - Parcela 9/10; Oculos";"Diversos";"C6";"C6";320;"Pendente";"50/50"
2025-04-22;"Madero";"Restaurantes";"Bradesco";"";143.41;"Efetivado";"100% Silvia"
2025-04-22;"enel";"Energia";"C6";"";117.5;"Efetivado";"50/50"
2025-04-22;"Pizza";"Restaurantes";"Bradesco";"";67;"Efetivado";"100% Silvia"
2025-05-10;"99APP       *99APP";"Uber";"C6";"C6";53.7;"Efetivado";"100% Silvia"
2025-05-10;"PANIF LA PLAZA";"Padaria";"C6";"C6";39.78;"Efetivado";"100% Silvia"
2025-04-22;"resgate cdb";"Rendimentos";"Bradesco";"";0.2;"Efetivado";"100% Silvia"
2025-05-19;"Restaurante";"Restaurantes";"Nubank";"Nubank";104.5;"Efetivado";"100% Silvia"
2025-05-10;"RESTAURANTE DA FAZ ENG";"Restaurantes";"C6";"C6";95.6;"Efetivado";"50/50"
2025-05-10;"POSTO SERV AVANTGARDE";"Combustível";"C6";"C6";50;"Efetivado";"50/50"
2025-05-10;"ESTACIONAMENTO PERDIZE";"Estacionamento";"C6";"C6";18;"Efetivado";"50/50"
2025-05-10;"REST FERNANDES QUEIROL";"Padaria";"C6";"C6";2.72;"Efetivado";"50/50"
2025-05-10;"FEIRANTE";"Feira";"C6";"C6";25;"Efetivado";"50/50"
2025-05-10;"LEGUMES E VERDURAS";"Feira";"C6";"C6";24;"Efetivado";"50/50"
2025-05-10;"PANIFICADORA ALIANCA";"Padaria";"C6";"C6";5.69;"Efetivado";"50/50"
2025-05-10;"OFICINA DOS SABORES";"Restaurantes";"C6";"C6";80;"Efetivado";"50/50"
2025-04-25;"XPML11";"Dividendos";"C6";"";184;"Efetivado";"100% Silvia"
2025-05-10;"OUTBACK SANTANA";"Restaurantes";"C6";"C6";179.98;"Efetivado";"50/50"
2025-05-10;"ULTRA BOI";"Açougue";"C6";"C6";151.64;"Efetivado";"50/50"
2025-05-10;"MR MERCADOS";"Mercado";"C6";"C6";78.94;"Efetivado";"50/50"
2025-05-10;"PANIFICADORA ALIANCA";"Padaria";"C6";"C6";35.6;"Efetivado";"50/50"
2025-05-10;"ADRIANODEJESUS";"Restaurantes";"C6";"C6";25;"Efetivado";"50/50"
2025-04-26;"estacionamento";"Estacionamento";"C6";"";19;"Efetivado";"50/50"
2025-05-10;"SABORES CACAU";"Restaurantes";"C6";"C6";11.9;"Efetivado";"50/50"
2025-05-10;"D'ART PAES E DOCES";"Padaria";"C6";"C6";9.74;"Efetivado";"50/50"
2025-04-27;"rendimentos";"Rendimentos";"Nubank";"";0.59;"Efetivado";"100% Silvia"
2025-04-28;"gas";"Gas";"C6";"";96.72;"Efetivado";"50/50"
2025-04-28;"Pizza";"Restaurantes";"Bradesco";"";67;"Efetivado";"100% Silvia"
2025-04-28;"resgate cdb";"Rendimentos";"Bradesco";"";1844.33;"Efetivado";"100% Silvia"
2025-05-10;"99* POP 29ABR 15H28MIN";"Uber";"C6";"C6";73.9;"Efetivado";"100% Silvia"
2025-05-10;"SOFISERV AUTO POSTO L";"Combustível";"C6";"C6";50;"Efetivado";"50/50"
2025-05-10;"PANIF LA PLAZA";"Padaria";"C6";"C6";39.78;"Efetivado";"100% Silvia"
2025-05-10;"D'ART PAES E DOCES";"Padaria";"C6";"C6";11.5;"Efetivado";"50/50"
2025-04-30;"convenio";"Convenio - mãe";"Bradesco";"";1155;"Efetivado";"100% Silvia"
2025-05-10;"IFD*JACSSON COMERCIO D";"Restaurantes";"C6";"C6";94.7;"Efetivado";"50/50"
2025-05-19;"Restaurante";"Restaurantes";"Nubank";"Nubank";65.9;"Efetivado";"100% Silvia"
2025-05-10;"MR MERCADOS";"Mercado";"C6";"C6";56.76;"Efetivado";"50/50"
2025-05-10;"REST FERNANDES QUEIROL";"Padaria";"C6";"C6";11;"Efetivado";"50/50"
2025-04-30;"Salario";"Salario";"Bradesco";"";6664;"Efetivado";"100% Silvia"
2025-05-10;"D'ART PAES E DOCES";"Padaria";"C6";"C6";12.6;"Efetivado";"50/50"
2025-06-10;"TRIMAIS SUPERMERCADOS";"Mercado";"C6";"C6";284.36;"Efetivado";"50/50"
2025-06-10;"OFICINA DOS SABORES";"Restaurantes";"C6";"C6";81;"Efetivado";"50/50"
2025-06-10;"PIMENTA VERDE ALIMENTO";"Restaurantes";"C6";"C6";61.7;"Efetivado";"50/50"
2025-05-02;"estacionamento";"Estacionamento";"C6";"";19;"Efetivado";"50/50"
2025-05-02;"estacionamento";"Estacionamento";"C6";"";18;"Efetivado";"50/50"
2025-06-10;"R. ALTAVISTA COMERCIO";"Feira";"C6";"C6";7.9;"Efetivado";"50/50"
2025-06-10;"POSTO SERV AVANTGARDE";"Combustível";"C6";"C6";100;"Efetivado";"50/50"
2025-06-10;"PANIFICADORA ALIANCA";"Padaria";"C6";"C6";24.7;"Efetivado";"50/50"
2025-06-10;"HORTIFRUTI E SUPERMER";"Feira";"C6";"C6";14.99;"Efetivado";"50/50"
2025-06-10;"RICARDORODRIGUES";"Feira";"C6";"C6";13;"Efetivado";"50/50"
2025-06-10;"D'ART PAES E DOCES";"Padaria";"C6";"C6";10.35;"Efetivado";"50/50"
2025-06-10;"PAES E DOCES CORTEZ";"Padaria";"C6";"C6";52.63;"Efetivado";"50/50"
2025-06-10;"OFICINA DOS SABORES";"Restaurantes";"C6";"C6";50;"Efetivado";"50/50"
2025-06-10;"MR MERCADOS";"Mercado";"C6";"C6";17.05;"Efetivado";"50/50"
2025-06-10;"MR MERCADOS";"Mercado";"C6";"C6";7.99;"Efetivado";"50/50"
2025-05-05;"net";"Internet";"C6";"";259.64;"Efetivado";"50/50"
2025-05-05;"claro";"Celular";"Bradesco";"";61.3;"Efetivado";"100% Silvia"
2025-06-10;"99* POP 05MAI 15H30MIN";"Uber";"C6";"C6";60;"Efetivado";"100% Silvia"
2025-06-10;"PANIF LA PLAZA";"Padaria";"C6";"C6";39.87;"Efetivado";"100% Silvia"
2025-05-19;"Restaurante";"Restaurantes";"Nubank";"Nubank";105.05;"Efetivado";"100% Silvia"
2025-06-10;"POP 06MAI 15H55MIN";"Uber";"C6";"C6";73.8;"Efetivado";"100% Silvia"
2025-05-06;"Donuts";"Restaurantes";"Bradesco";"";64.9;"Efetivado";"100% Silvia"
2025-06-10;"POP 06MAI 05H37MIN";"Uber";"C6";"C6";53.7;"Efetivado";"100% Silvia"
2025-06-10;"99APP       *99APP";"Uber";"C6";"C6";11.08;"Efetivado";"100% Silvia"
2025-05-19;"Restaurante";"Restaurantes";"Nubank";"Nubank";73.23;"Efetivado";"100% Silvia"
2025-05-07;"estacionamento";"Estacionamento";"C6";"";18;"Efetivado";"50/50"
2025-06-10;"REST FERNANDES QUEIROL";"Padaria";"C6";"C6";11;"Efetivado";"50/50"
2025-06-10;"22385523LEONARDO";"Restaurante";"C6";"C6";73.39;"Efetivado";"50/50"
2025-05-08;"estacionamento";"Estacionamento";"C6";"";18;"Efetivado";"50/50"
2025-06-10;"D'ART PAES E DOCES";"Padaria";"C6";"C6";11.5;"Efetivado";"50/50"
2025-06-10;"POSTO SERV AVANTGARDE";"Combustível";"C6";"C6";173.12;"Efetivado";"50/50"
2025-05-09;"Pizza";"Restaurantes";"Bradesco";"";77;"Efetivado";"100% Silvia"
2025-06-10;"JOVIPEL";"Mercado";"C6";"C6";52.25;"Efetivado";"50/50"
2025-06-10;"NETFLIX.COM";"Streaming";"C6";"C6";20.9;"Efetivado";"50/50"
2025-06-10;"HOTESUL";"Hospedagem";"C6";"C6";261;"Efetivado";"50/50"
2025-05-10;"pedagio";"Pedagio";"C6";"";146.23;"Efetivado";"50/50"
2025-05-10;"gasolina";"Combustível";"C6";"";100;"Efetivado";"50/50"
2025-06-10;"LANCHES RODOSERV LTDA";"Restaurantes";"C6";"C6";59.5;"Efetivado";"50/50"
2025-06-10;"REDE PAPA 8";"Combustível";"C6";"C6";20.96;"Efetivado";"50/50"
2025-06-10;"SUPERMERCADO THOME";"Mercado";"C6";"C6";10.29;"Efetivado";"50/50"
2025-05-19;"Restaurante";"Restaurantes";"Nubank";"Nubank";5.5;"Efetivado";"100% Silvia"
2025-06-10;"ACLAMS";"Restaurantes";"C6";"C6";103.85;"Efetivado";"50/50"
2025-06-10;"GELA BOCA SORVETERIA";"Restaurantes";"C6";"C6";90.44;"Efetivado";"50/50"
2025-05-12;"Aluguel";"Aluguel";"Nubank";"";1474.73;"Efetivado";"50/50"
2025-06-10;"HOTESUL";"Hospedagem";"C6";"C6";522;"Efetivado";"50/50"
2025-05-13;"pedagio";"Pedagio";"C6";"";150.57;"Efetivado";"50/50"
2025-06-10;"RESTAURANTE E LANCHONE";"Restaurantes";"C6";"C6";88.1;"Efetivado";"50/50"
2025-05-13;"Pizza";"Restaurantes";"Bradesco";"";57;"Efetivado";"100% Silvia"
2025-06-10;"RESTAURANTE E LANCHONE";"Restaurantes";"C6";"C6";19;"Efetivado";"50/50"
2025-06-10;"HORTIFRUTI E SUPERMER";"Feira";"C6";"C6";81.63;"Efetivado";"50/50"
2025-06-10;"ULTRA BOI";"Açougue";"C6";"C6";66.1;"Efetivado";"50/50"
2025-06-10;"D'ART PAES E DOCES";"Padaria";"C6";"C6";29;"Efetivado";"50/50"
2025-06-10;"MR MERCADOS";"Mercado";"C6";"C6";24.35;"Efetivado";"50/50"
2025-05-15;"net mae";"Net - mãe";"Bradesco";"";369.68;"Efetivado";"100% Silvia"
2025-06-10;"POUSADA OLIVERI";"Hospedagem";"C6";"C6";328.86;"Efetivado";"50/50"
2025-05-15;"estacionamento";"Estacionamento";"C6";"";18;"Efetivado";"50/50"
2025-05-15;"HGRU11";"Dividendos";"C6";"";4.5;"Efetivado";"100% Silvia"
2025-05-15;"HGLG11";"Dividendos";"C6";"";7.7;"Efetivado";"100% Silvia"
2025-05-15;"TGAR11";"Dividendos";"C6";"";75;"Efetivado";"100% Silvia"
2025-05-15;"TRXF11";"Dividendos";"C6";"";458.49;"Efetivado";"100% Silvia"
2025-05-15;"RECR11";"Dividendos";"C6";"";909.01;"Efetivado";"100% Silvia"
2025-05-15;"Salario";"Salario";"Bradesco";"";7802;"Efetivado";"100% Silvia"
2025-05-15;"Férias";"Salario";"Bradesco";"";26672;"Efetivado";"100% Silvia"
2025-06-10;"RAIA263";"Farmácia";"C6";"C6";170.85;"Efetivado";"100% Silvia"
2025-05-16;"Restaurante";"Restaurantes";"Bradesco";"";119.8;"Efetivado";"100% Silvia"
2025-06-10;"MR MERCADOS";"Mercado";"C6";"C6";2.53;"Efetivado";"50/50"
2025-05-16;"Deposito Nelson ";"Deposito Nelson";"C6";"";1500;"Efetivado";"50/50"
2025-06-10;"PVLH SANTANA RESTAURAN";"Restaurantes";"C6";"C6";66.39;"Efetivado";"50/50"
2025-06-10;"D'ART PAES E DOCES";"Padaria";"C6";"C6";3;"Efetivado";"50/50"
2025-06-10;"TRIP 4X4 MONTE VERDE";"Uber";"C6";"C6";300;"Efetivado";"100% Silvia"
2025-06-10;"SOFISERV AUTO POSTO L";"Combustível";"C6";"C6";198;"Efetivado";"50/50"
2025-06-10;"AGRO LIMP";"Restaurantes";"C6";"C6";194.67;"Efetivado";"50/50"
2025-06-10;"BARBOSA COFFEE LTDA";"Restaurantes";"C6";"C6";56;"Efetivado";"50/50"
2025-06-10;"PAES E DOCES CORTEZ";"Padaria";"C6";"C6";41.33;"Efetivado";"50/50"
2025-06-10;"JVMCOMERCIODE";"Feira";"C6";"C6";18;"Efetivado";"50/50"
2025-05-19;"hotel Sto antonio pinhal";"Hospedagem";"Bradesco";"";337;"Efetivado";"50/50"
2025-06-10;"DELICIAS DE MINAS";"Restaurantes";"C6";"C6";159;"Efetivado";"50/50"
2025-06-10;"CANTINA DI ROMA";"Restaurantes";"C6";"C6";119.9;"Efetivado";"50/50"
2025-05-19;"enel";"Energia";"C6";"";118.37;"Efetivado";"50/50"
2025-06-10;"THAIS COUTO VICTORINO";"Restaurantes";"C6";"C6";103.18;"Efetivado";"50/50"
2025-06-10;"CAPRICHO";"Restaurantes";"C6";"C6";100;"Efetivado";"50/50"
2025-06-10;"SABONETERIA FOLHAS E";"Passeios";"C6";"C6";74;"Efetivado";"50/50"
2025-05-19;"Pizza";"Restaurantes";"Bradesco";"";57;"Efetivado";"100% Silvia"
2025-05-20;"condominio";"Condominio";"C6";"";962.69;"Efetivado";"50/50"
2025-06-10;"POUSADA VENEZIA";"Hospedagem";"C6";"C6";338;"Efetivado";"50/50"
2025-06-10;"POUSADA OLIVERI";"Hospedagem";"C6";"C6";328.86;"Efetivado";"50/50"
2025-06-10;"SANTO ANTONIO PIZZA E";"Restaurantes";"C6";"C6";114.4;"Efetivado";"50/50"
2025-06-10;"RESTAURANTEVOOLIV";"Restaurantes";"C6";"C6";75.69;"Efetivado";"50/50"
2025-05-20;"viagem férias monte verde";"Pedagio";"C6";"";28.2;"Efetivado";"50/50"
2025-06-10;"A L DO AMARAL";"Feira";"C6";"C6";23.56;"Efetivado";"50/50"
2025-05-20;"PETR4";"Dividendos";"C6";"";4.03;"Efetivado";"100% Silvia"
2025-05-20;"VGIP11";"Dividendos";"C6";"";54.24;"Efetivado";"100% Silvia"
2025-05-20;"PETR4";"Dividendos";"C6";"";108.2;"Efetivado";"100% Silvia"
2025-06-10;"IFD*JACSSON COMERCIO D";"Restaurantes";"C6";"C6";77.59;"Efetivado";"50/50"
2025-05-21;"viagem férias monte verde";"Pedagio";"C6";"";20.8;"Efetivado";"50/50"
2025-06-10;"ULTRA BOI";"Açougue";"C6";"C6";125.37;"Efetivado";"50/50"
2025-06-10;"LEGUMES E VERDURAS";"Feira";"C6";"C6";30;"Efetivado";"50/50"
2025-06-10;"D'ART PAES E DOCES";"Padaria";"C6";"C6";29;"Efetivado";"50/50"
2025-06-10;"MR MERCADOS";"Mercado";"C6";"C6";24.78;"Efetivado";"50/50"
2025-06-10;"FEIRANTE";"Feira";"C6";"C6";20;"Efetivado";"50/50"
2025-06-10;"JOSEROBERTO";"Feira";"C6";"C6";8;"Efetivado";"50/50"
2025-05-23;"devolucao hospedagem";"Hospedagem";"C6";"";442.29;"Efetivado";"50/50"
2025-06-10;"EMPORIO DIVINA SEMENTE";"Mercado";"C6";"C6";58.04;"Efetivado";"50/50"
2025-06-10;"MR MERCADOS";"Mercado";"C6";"C6";10;"Efetivado";"50/50"
2025-06-10;"D'ART PAES E DOCES";"Padaria";"C6";"C6";9.8;"Efetivado";"50/50"
2025-05-23;"XPML11";"Dividendos";"C6";"";184;"Efetivado";"100% Silvia"
2025-06-10;"MR MERCADOS";"Mercado";"C6";"C6";10.56;"Efetivado";"50/50"
2025-06-10;"AUTOMOTIVO SANTA IGNE";"Combustível";"C6";"C6";50;"Efetivado";"50/50"
2025-06-10;"MR MERCADOS";"Mercado";"C6";"C6";41.26;"Efetivado";"50/50"
2025-05-26;"Pizza";"Restaurantes";"Bradesco";"";67;"Efetivado";"100% Silvia"
2025-06-10;"99* POP 26MAI 15H27MIN";"Uber";"C6";"C6";47.5;"Efetivado";"100% Silvia"
2025-06-10;"PANIF LA PLAZA";"Padaria";"C6";"C6";39.78;"Efetivado";"100% Silvia"
2025-05-27;"gas";"Gas";"C6";"";114.17;"Efetivado";"50/50"
2025-06-20;"almoço";"Restaurantes";"Nubank";"Nubank";74.8;"Efetivado";"100% Silvia"
2025-06-10;"99* POP 27MAI 15H31MIN";"Uber";"C6";"C6";72.1;"Efetivado";"100% Silvia"
2025-06-10;"POSTO SERV AVANTGARDE";"Combustível";"C6";"C6";50;"Efetivado";"50/50"
2025-06-10;"PANIF LA PLAZA";"Padaria";"C6";"C6";39.78;"Efetivado";"100% Silvia"
2025-06-20;"almoço";"Restaurantes";"Nubank";"Nubank";109.97;"Efetivado";"100% Silvia"
2025-06-10;"IFD*OUTBACK STEAKHOUSE";"Restaurantes";"C6";"C6";83.68;"Efetivado";"50/50"
2025-06-10;"RAIA263";"Farmácia";"C6";"C6";70.6;"Efetivado";"100% Silvia"
2025-06-10;"NELSON ARINI JUNIOR";"Feira";"C6";"C6";25;"Efetivado";"50/50"
2025-06-10;"REST FERNANDES QUEIROL";"Padaria";"C6";"C6";11;"Efetivado";"50/50"
2025-06-10;"LEGUMES E VERDURAS";"Feira";"C6";"C6";15;"Efetivado";"50/50"
2025-06-10;"FEIRANTE";"Feira";"C6";"C6";10;"Efetivado";"50/50"
2025-06-10;"MR MERCADOS";"Mercado";"C6";"C6";8.67;"Efetivado";"50/50"
2025-05-30;"IRPF 2025";"Impostos";"Bradesco";"";5383.57;"Efetivado";"100% Silvia"
2025-05-30;"convenio";"Convenio - mãe";"Bradesco";"";1155;"Efetivado";"100% Silvia"
2025-06-10;"RAIA263";"Farmácia";"C6";"C6";89.62;"Efetivado";"100% Silvia"
2025-05-30;"Salario";"Salario";"Bradesco";"";5249;"Efetivado";"100% Silvia"
2025-06-10;"ULTRA BOI";"Açougue";"C6";"C6";136.64;"Efetivado";"50/50"
2025-06-10;"IFD*ESFIHARIA E PIZZAR";"Restaurantes";"C6";"C6";33.22;"Efetivado";"50/50"
2025-06-10;"MR MERCADOS";"Mercado";"C6";"C6";28.23;"Efetivado";"50/50"
2025-06-10;"PANIFICADORA ALIANCA D";"Padaria";"C6";"C6";26.7;"Efetivado";"50/50"
2025-06-10;"HORTIFRUTI E SUPERMER";"Feira";"C6";"C6";15.11;"Efetivado";"50/50"
2025-06-10;"RICARDORODRIGUES";"Feira";"C6";"C6";12;"Efetivado";"50/50"
2025-06-10;"RENTCARAUTOPE";"Combustível";"C6";"C6";7;"Efetivado";"50/50"
2025-06-10;"MR MERCADOS";"Mercado";"C6";"C6";74.93;"Efetivado";"50/50"
2025-06-01;"rendimentos";"Rendimentos";"Nubank";"";0.6;"Efetivado";"100% Silvia"
2025-06-01;"rendimentos";"Rendimentos";"Bradesco";"";43.01;"Efetivado";"100% Silvia"
2025-06-10;"POSTO SERV AVANTGARDE";"Combustível";"C6";"C6";100;"Efetivado";"50/50"
2025-06-10;"UBER UBER *TRIP HELP.U";"Uber";"C6";"C6";84;"Efetivado";"100% Silvia"
2025-06-02;"Pizza";"Restaurantes";"Bradesco";"";44;"Efetivado";"100% Silvia"
2025-06-10;"PANIF LA PLAZA";"Padaria";"C6";"C6";41.38;"Efetivado";"100% Silvia"
2025-07-10;"UBER UBER *TRIP HELP.U";"Uber";"C6";"C6";14.97;"Efetivado";"100% Silvia"
2025-07-10;"UBER* TRIP";"Uber";"C6";"C6";115.22;"Efetivado";"100% Silvia"
2025-06-20;"almoço";"Restaurantes";"Nubank";"Nubank";87.19;"Efetivado";"100% Silvia"
2025-07-10;"IFD*TORTA NO QUINTAL L";"Restaurantes";"C6";"C6";81.79;"Efetivado";"50/50"
2025-07-10;"PANIF LA PLAZA";"Padaria";"C6";"C6";37.37;"Efetivado";"100% Silvia"
2025-06-03;"carteira investimentos";"Cursos";"Bradesco";"";19.9;"Efetivado";"100% Silvia"
2025-06-04;"claro";"Celular";"Bradesco";"";61.31;"Efetivado";"100% Silvia"
2025-07-10;"MR MERCADOS";"Mercado";"C6";"C6";24.41;"Efetivado";"50/50"
2025-07-10;"D'ART PAES E DOCES";"Padaria";"C6";"C6";14.5;"Efetivado";"50/50"
2025-06-05;"net";"Internet";"C6";"";265.8;"Efetivado";"50/50"
2025-07-10;"LICIA MIURA";"Feira";"C6";"C6";24;"Efetivado";"50/50"
2025-07-10;"CALDO DO LEANDRO";"Feira";"C6";"C6";12;"Efetivado";"50/50"
2025-07-10;"LEGUMES E VERDURAS";"Feira";"C6";"C6";10;"Efetivado";"50/50"
2025-07-10;"JOSEROBERTO";"Feira";"C6";"C6";5;"Efetivado";"50/50"
2025-07-10;"MAONAMASSA";"Restaurantes";"C6";"C6";51;"Efetivado";"50/50"
2025-07-10;"MR MERCADOS";"Mercado";"C6";"C6";22.38;"Efetivado";"50/50"
2025-07-10;"RAIA263";"Farmácia";"C6";"C6";9.22;"Efetivado";"100% Silvia"
2025-06-06;"Férias";"Salario";"Bradesco";"";10598;"Efetivado";"100% Silvia"
2025-07-10;"ULTRA BOI";"Açougue";"C6";"C6";147.98;"Efetivado";"50/50"
2025-07-10;"PANIFICADORA ALIANCA D";"Padaria";"C6";"C6";39.6;"Efetivado";"50/50"
2025-07-10;"NELSON ARINI JUNIOR";"Feira";"C6";"C6";37;"Efetivado";"50/50"
2025-07-10;"MR MERCADOS";"Mercado";"C6";"C6";26.56;"Efetivado";"50/50"
2025-07-10;"ADRIANODEJESUS";"Feira";"C6";"C6";20;"Efetivado";"50/50"
2025-07-10;"RENTCARAUTOPE";"Feira";"C6";"C6";14;"Efetivado";"50/50"
2025-07-10;"FRUTAS SELECIONADAS";"Feira";"C6";"C6";10;"Efetivado";"50/50"
2025-07-10;"PAES E DOCES CORTEZ";"Padaria";"C6";"C6";53.38;"Efetivado";"50/50"
2025-07-10;"MR MERCADOS";"Mercado";"C6";"C6";47.84;"Efetivado";"50/50"
2025-06-09;"shopee";"Diversos";"Bradesco";"";128.68;"Efetivado";"50/50"
2025-06-09;"Pizza";"Restaurantes";"Bradesco";"";66;"Efetivado";"100% Silvia"
2025-07-10;"NETFLIX.COM";"Streaming";"C6";"C6";20.9;"Efetivado";"50/50"
2025-07-10;"MR MERCADOS";"Mercado";"C6";"C6";18.14;"Efetivado";"50/50"
2025-06-09;"Deposito Nelson ";"Deposito Nelson";"C6";"";2500;"Efetivado";"50/50"
2025-07-10;"MR MERCADOS";"Mercado";"C6";"C6";59.35;"Efetivado";"50/50"
2025-07-10;"IFD*CARLOS BAKERY - CE";"Restaurantes";"C6";"C6";198.1;"Efetivado";"50/50"
2025-07-10;"CRUZEIROS BAR, LANCHON";"Restaurantes";"C6";"C6";195.66;"Efetivado";"50/50"
2025-06-11;"estacionamento";"Estacionamento";"C6";"";22;"Efetivado";"50/50"
2025-06-11;"Aluguel";"Aluguel";"Nubank";"";1523.01;"Efetivado";"50/50"
2025-06-12;"madero";"Restaurantes";"Bradesco";"";133;"Efetivado";"100% Silvia"
2025-07-10;"CASA DE ADELIA-RESTAU";"Restaurantes";"C6";"C6";81.5;"Efetivado";"50/50"
2025-07-10;"UBER* TRIP";"Uber";"C6";"C6";22.92;"Efetivado";"100% Silvia"
2025-07-10;"FEIRANTE";"Feira";"C6";"C6";20;"Efetivado";"50/50"
2025-07-10;"LEGUMES E VERDURAS";"Feira";"C6";"C6";10;"Efetivado";"50/50"
2025-06-12;"padaria";"Padaria";"C6";"";2.89;"Efetivado";"50/50"
2025-06-12;"reembolso uber nelson";"Deposito Nelson";"C6";"";22;"Efetivado";"50/50"
2025-06-13;"HGRU11";"Dividendos";"C6";"";4.5;"Efetivado";"100% Silvia"
2025-06-13;"HGLG11";"Dividendos";"C6";"";7.7;"Efetivado";"100% Silvia"
2025-06-13;"TRXF11";"Dividendos";"C6";"";62.33;"Efetivado";"100% Silvia"
2025-06-13;"TGAR11";"Dividendos";"C6";"";75;"Efetivado";"100% Silvia"
2025-06-13;"TRXF11";"Dividendos";"C6";"";458.49;"Efetivado";"100% Silvia"
2025-06-13;"RECR11";"Dividendos";"C6";"";704.27;"Efetivado";"100% Silvia"
2025-06-13;"adiantamento";"Salario";"Bradesco";"";9265;"Efetivado";"100% Silvia"
2025-06-14;"festa junina";"Diversos";"C6";"";146;"Efetivado";"50/50"
2025-07-10;"POSTO SERV AVANTGARDE";"Combustível";"C6";"C6";50;"Efetivado";"50/50"
2025-07-10;"PANETTERIA ZN";"Padaria";"C6";"C6";47.01;"Efetivado";"50/50"
2025-07-10;"DROGARIA SAO PAULO 200";"Farmácia";"C6";"C6";44.58;"Efetivado";"100% Silvia"
2025-07-10;"MR MERCADOS";"Mercado";"C6";"C6";24.87;"Efetivado";"50/50"
2025-07-10;"MR MERCADOS";"Mercado";"C6";"C6";40.87;"Efetivado";"50/50"
2025-07-10;"MR MERCADOS";"Mercado";"C6";"C6";11.32;"Efetivado";"50/50"
2025-06-16;"net mae";"Net - mãe";"Bradesco";"";369.68;"Efetivado";"100% Silvia"
2025-06-16;"pizza";"Restaurantes";"Bradesco";"";66;"Efetivado";"100% Silvia"
2025-07-10;"ULTRA BOI";"Açougue";"C6";"C6";35.41;"Efetivado";"50/50"
2025-07-10;"HORTIFRUTI E SUPERMER";"Feira";"C6";"C6";6.89;"Efetivado";"50/50"
2025-07-10;"POSTO SERV AVANTGARDE";"Combustível";"C6";"C6";50;"Efetivado";"50/50"
2025-07-10;"MR MERCADOS";"Mercado";"C6";"C6";23.56;"Efetivado";"50/50"
2025-07-10;"MR MERCADOS";"Mercado";"C6";"C6";16.34;"Efetivado";"50/50"
2025-06-17;"rendimentos";"Rendimentos";"Nubank";"";30.01;"Efetivado";"100% Silvia"
2025-06-18;"enel";"Energia";"C6";"";91.59;"Efetivado";"50/50"
2025-06-18;"pizza";"Restaurantes";"Bradesco";"";56;"Efetivado";"100% Silvia"
2025-06-18;"VGIP11";"Dividendos";"C6";"";95.04;"Efetivado";"100% Silvia"
2025-07-10;"IFD*PAULO HENRIQUE SAM";"Restaurantes";"C6";"C6";129.89;"Efetivado";"50/50"
2025-07-10;"POSTO SERV AVANTGARDE";"Combustível";"C6";"C6";119.35;"Efetivado";"50/50"
2025-06-19;"pedagio";"Pedagio";"C6";"";105.4;"Efetivado";"50/50"
2025-07-10;"SUCESSO REDE DE RESTAU";"Restaurantes";"C6";"C6";67.95;"Efetivado";"50/50"
2025-07-10;"PAR N SRA DAS GRACAS";"Estacionamento";"C6";"C6";60;"Efetivado";"50/50"
2025-07-10;"CRISTIANE DE SOUSA BE";"Restaurantes";"C6";"C6";33;"Efetivado";"50/50"
2025-07-10;"PEDRO DONIZETE ALVES";"Feira";"C6";"C6";20;"Efetivado";"50/50"
2025-07-10;"DOCE LAR DAS COCADAS";"Feira";"C6";"C6";15;"Efetivado";"50/50"
2025-07-10;"SORVETERIA TROPICAL";"Restaurantes";"C6";"C6";14;"Efetivado";"50/50"
2025-06-20;"condominio";"Condominio";"C6";"";962.69;"Efetivado";"50/50"
2025-07-10;"PECORINO CENTER NORTE";"Restaurantes";"C6";"C6";143.51;"Efetivado";"50/50"
2025-07-10;"mouse";"Diversos";"C6";"C6";61.99;"Efetivado";"50/50"
2025-06-20;"SHOPPING CENTER NORTE";"Estacionamento";"C6";"";22;"Efetivado";"50/50"
2025-07-10;"MR MERCADOS";"Mercado";"C6";"C6";19.92;"Efetivado";"50/50"
2025-06-20;"estacionamento CEF";"Estacionamento";"C6";"";15;"Efetivado";"50/50"
2025-07-10;"D'ART PAES E DOCES";"Padaria";"C6";"C6";5.1;"Efetivado";"50/50"
2025-06-20;"PETR4";"Dividendos";"C6";"";5.09;"Efetivado";"100% Silvia"
2025-06-20;"PETR4";"Dividendos";"C6";"";108.2;"Efetivado";"100% Silvia"
2025-07-10;"ULTRA BOI";"Açougue";"C6";"C6";101.47;"Efetivado";"50/50"
2025-07-21;"app zing";"Diversos";"Nubank";"Nubank";99.9;"Efetivado";"100% Silvia"
2025-07-10;"PAES E DOCES CORTEZ";"Padaria";"C6";"C6";48.29;"Efetivado";"50/50"
2025-07-10;"IFD*ESPETOP CHURRASCO";"Restaurantes";"C6";"C6";38.79;"Efetivado";"50/50"
2025-07-10;"TATIANEDESOUSA";"Feira";"C6";"C6";20;"Efetivado";"50/50"
2025-07-10;"RENTCARAUTOPE";"Feira";"C6";"C6";17;"Efetivado";"50/50"
2025-07-10;"ADRIANODEJESUS";"Feira";"C6";"C6";16;"Efetivado";"50/50"
2025-07-10;"MR MERCADOS";"Mercado";"C6";"C6";7.99;"Efetivado";"50/50"
2025-07-10;"D'ART PAES E DOCES";"Padaria";"C6";"C6";5;"Efetivado";"50/50"
2025-06-23;"pizza";"Restaurantes";"Bradesco";"";76;"Efetivado";"100% Silvia"
2025-07-10;"POP 23JUN 15H51MIN";"Uber";"C6";"C6";57.1;"Efetivado";"100% Silvia"
2025-07-10;"POSTO SERV AVANTGARDE";"Combustível";"C6";"C6";50;"Efetivado";"50/50"
2025-07-10;"IFD*ANIMAX FASTFOOD E";"Restaurantes";"C6";"C6";37.89;"Efetivado";"50/50"
2025-07-10;"PANIF LA PLAZA";"Padaria";"C6";"C6";35.96;"Efetivado";"100% Silvia"
2025-07-10;"MR MERCADOS";"Mercado";"C6";"C6";22.96;"Efetivado";"50/50"
2025-07-10;"99APP       *99APP";"Uber";"C6";"C6";8.56;"Efetivado";"100% Silvia"
2025-06-24;"gas";"Gas";"C6";"";157.78;"Efetivado";"50/50"
2025-07-10;"POP 24JUN 15H09MIN";"Uber";"C6";"C6";51.1;"Efetivado";"100% Silvia"
2025-07-10;"PANIF LA PLAZA";"Padaria";"C6";"C6";41.78;"Efetivado";"100% Silvia"
2025-07-10;"NATHALIA CAFE LTDA";"Restaurantes";"C6";"C6";25.8;"Efetivado";"50/50"
2025-07-10;"ESTACIONAMENTO PERDIZE";"Estacionamento";"C6";"C6";24;"Efetivado";"50/50"
2025-07-10;"99APP       *99APP";"Uber";"C6";"C6";7.67;"Efetivado";"100% Silvia"
2025-07-10;"APPLE.COM/BILL";"Diversos";"C6";"C6";199.9;"Efetivado";"100% Silvia"
2025-07-21;"almoço";"Restaurantes";"Nubank";"Nubank";44.59;"Efetivado";"100% Silvia"
2025-07-10;"CENTURY PAES E DOCES";"Padaria";"C6";"C6";16.4;"Efetivado";"50/50"
2025-06-25;"XPML11";"Dividendos";"C6";"";184;"Efetivado";"100% Silvia"
2025-07-10;"EMPORIO DIVINA SEMENTE";"Mercado";"C6";"C6";57.45;"Efetivado";"50/50"
2025-07-10;"FEIRANTE";"Feira";"C6";"C6";20;"Efetivado";"50/50"
2025-07-10;"LEGUMES E VERDURAS";"Feira";"C6";"C6";20;"Efetivado";"50/50"
2025-06-26;"estacionamento";"Estacionamento";"C6";"";18;"Efetivado";"50/50"
2025-07-10;"REST FERNANDES QUEIROL";"Padaria";"C6";"C6";11;"Efetivado";"50/50"
2025-07-10;"RAIA263";"Farmácia";"C6";"C6";52.52;"Efetivado";"100% Silvia"
2025-07-10;"ULTRA BOI";"Açougue";"C6";"C6";99.8;"Efetivado";"50/50"
2025-07-10;"MR MERCADOS";"Mercado";"C6";"C6";51.62;"Efetivado";"50/50"
2025-07-10;"MR MERCADOS";"Mercado";"C6";"C6";48.13;"Efetivado";"50/50"
2025-07-10;"HORTIFRUTI E SUPERMER";"Feira";"C6";"C6";13.99;"Efetivado";"50/50"
2025-07-10;"ADRIANODEJESUS";"Feira";"C6";"C6";10;"Efetivado";"50/50"
2025-07-10;"LUCAS OLIVEIRA FRUTAS";"Feira";"C6";"C6";10;"Efetivado";"50/50"
2025-07-10;"MP *DISTRIBUIDORA";"Feira";"C6";"C6";10;"Efetivado";"50/50"
2025-07-10;"RICARDORODRIGUES";"Feira";"C6";"C6";7;"Efetivado";"50/50"
2025-07-10;"MR MERCADOS";"Mercado";"C6";"C6";41.56;"Efetivado";"50/50"
2025-06-29;"rendimentos";"Rendimentos";"Nubank";"";8.83;"Efetivado";"100% Silvia"
2025-06-30;"convenio";"Convenio - mãe";"Bradesco";"";1155;"Efetivado";"100% Silvia"
2025-07-10;"MR MERCADOS";"Mercado";"C6";"C6";18.18;"Efetivado";"50/50"
2025-07-10;"MR MERCADOS";"Mercado";"C6";"C6";10.28;"Efetivado";"50/50"
2025-06-30;"salario";"Salario";"Bradesco";"";5244;"Efetivado";"100% Silvia"
2025-07-01;"IR Juros TD";"Impostos";"Bradesco";"";82;"Efetivado";"100% Silvia"
2025-07-10;"SOFISERV AUTO POSTO";"Combustível";"C6";"C6";50;"Efetivado";"50/50"
2025-07-01;"rendimentos TD";"Rendimentos";"Bradesco";"";537.53;"Efetivado";"100% Silvia"
2025-07-02;"celular";"Celular";"Bradesco";"";61.31;"Efetivado";"100% Silvia"
2025-07-10;"POP 02JUL 15H28MIN";"Uber";"C6";"C6";52.5;"Efetivado";"100% Silvia"
2025-07-10;"PANIF LA PLAZA";"Padaria";"C6";"C6";41.38;"Efetivado";"100% Silvia"
2025-07-10;"99APP       *99APP";"Uber";"C6";"C6";7.88;"Efetivado";"100% Silvia"
2025-08-11;"IFD*OUTBACK STEAKHOUSE";"Restaurantes";"C6";"C6";64.79;"Efetivado";"50/50"
2025-08-11;"MR MERCADOS";"Mercado";"C6";"C6";47.24;"Efetivado";"50/50"
2025-07-21;"almoço";"Restaurantes";"Nubank";"Nubank";44.2;"Efetivado";"100% Silvia"
2025-07-03;"carteira investimentos";"Cursos";"Bradesco";"";19.9;"Efetivado";"100% Silvia"
2025-08-11;"D'ART PAES E DOCES";"Padaria";"C6";"C6";18;"Efetivado";"50/50"
2025-08-11;"PANIFICADORA ALIANCA D";"Padaria";"C6";"C6";14.45;"Efetivado";"50/50"
2025-08-11;"ULTRA BOI";"Açougue";"C6";"C6";120.73;"Efetivado";"50/50"
2025-08-11;"THE BEST ACAI MANDAQUI";"Restaurantes";"C6";"C6";38.24;"Efetivado";"50/50"
2025-08-11;"JOVIPEL";"Diversos";"C6";"C6";27.95;"Efetivado";"50/50"
2025-08-11;"PANIFICADORA ALIANCA";"Padaria";"C6";"C6";21.6;"Efetivado";"50/50"
2025-08-11;"TATIANEDESOUSA";"Feira";"C6";"C6";20;"Efetivado";"50/50"
2025-08-11;"RENTCARAUTOPE";"Feira";"C6";"C6";14;"Efetivado";"50/50"
2025-08-11;"FRUTAS SELECIONADAS";"Feira";"C6";"C6";10;"Efetivado";"50/50"
2025-08-11;"IFD*FERNANDA GONCALVES";"Restaurantes";"C6";"C6";117.98;"Efetivado";"50/50"
2025-08-11;"AUTOMOTIVO SANTA IGNE";"Combustível";"C6";"C6";50;"Efetivado";"50/50"
2025-08-11;"MR MERCADOS";"Mercado";"C6";"C6";35.64;"Efetivado";"50/50"
2025-08-11;"D'ART PAES E DOCES";"Padaria";"C6";"C6";10.5;"Efetivado";"50/50"
2025-08-11;"AVENIDABRASILPAES";"Padaria";"C6";"C6";7.67;"Efetivado";"50/50"
2025-07-07;"net";"Internet";"C6";"";265.8;"Efetivado";"50/50"
2025-08-11;"RAIA263";"Farmácia";"C6";"C6";136.53;"Efetivado";"100% Silvia"
2025-07-07;"dieta";"Cursos";"Bradesco";"";106.8;"Efetivado";"100% Silvia"
2025-07-07;"pizza";"Restaurantes";"Bradesco";"";59;"Efetivado";"100% Silvia"
2025-08-11;"AVENIDABRASILPAES";"Padaria";"C6";"C6";8.28;"Efetivado";"50/50"
2025-08-11;"POSTO SERV AVANTGARDE";"Combustível";"C6";"C6";100;"Efetivado";"50/50"
2025-08-11;"POP 08JUL 15H39MIN";"Uber";"C6";"C6";53;"Efetivado";"100% Silvia"
2025-08-11;"PANIF LA PLAZA";"Padaria";"C6";"C6";43.78;"Efetivado";"100% Silvia"
2025-08-11;"99APP       *99APP";"Uber";"C6";"C6";7.94;"Efetivado";"100% Silvia"
2025-07-21;"almoço";"Restaurantes";"Nubank";"Nubank";54.9;"Efetivado";"100% Silvia"
2025-08-11;"PAES E DOCES CORTEZ";"Padaria";"C6";"C6";53.21;"Efetivado";"50/50"
2025-08-11;"NETFLIX ENTRETENIMENTO";"Streaming";"C6";"C6";20.9;"Efetivado";"50/50"
2025-07-09;"Deposito Nelson ";"Deposito Nelson";"C6";"";1500;"Efetivado";"50/50"
2025-07-10;"pizza";"Restaurantes";"Bradesco";"";66;"Efetivado";"100% Silvia"
2025-08-11;"FEIRANTE";"Feira";"C6";"C6";20;"Efetivado";"50/50"
2025-08-11;"JUVENALDO OVOS";"Feira";"C6";"C6";20;"Efetivado";"50/50"
2025-08-11;"JOSEROBERTO";"Feira";"C6";"C6";10;"Efetivado";"50/50"
2025-08-11;"D'ART PAES E DOCES";"Padaria";"C6";"C6";6.5;"Efetivado";"50/50"
2025-08-11;"IFD*PAULO HENRIQUE SAM";"Restaurantes";"C6";"C6";109.89;"Efetivado";"50/50"
2025-08-11;"CASA DE ADELIA-RESTAU";"Restaurantes";"C6";"C6";85.12;"Efetivado";"50/50"
2025-08-11;"CENTURY PAES E DOCES L";"Padaria";"C6";"C6";16.4;"Efetivado";"50/50"
2025-07-11;"Aluguel";"Aluguel";"Nubank";"";1602.33;"Efetivado";"50/50"
2025-07-12;"Pizza Cleide";"Restaurantes";"Nubank";"";248;"Efetivado";"100% Silvia"
2025-08-11;"ULTRA BOI";"Açougue";"C6";"C6";99.17;"Efetivado";"50/50"
2025-08-11;"PAES E DOCES CORTEZ";"Padaria";"C6";"C6";73.84;"Efetivado";"50/50"
2025-08-11;"EMPORIO DIVINA SEMENTE";"Mercado";"C6";"C6";63.88;"Efetivado";"50/50"
2025-08-11;"JOVIPEL";"Diversos";"C6";"C6";59;"Efetivado";"50/50"
2025-08-11;"PAES E DOCES CORTEZ";"Padaria";"C6";"C6";50.13;"Efetivado";"50/50"
2025-08-11;"MR MERCADOS";"Mercado";"C6";"C6";48.82;"Efetivado";"50/50"
2025-08-11;"MR MERCADOS";"Mercado";"C6";"C6";46.46;"Efetivado";"50/50"
2025-08-11;"RENTCARAUTOPE";"Feira";"C6";"C6";31;"Efetivado";"50/50"
2025-08-11;"LUCAS OLIVEIRA FRUTAS";"Feira";"C6";"C6";30;"Efetivado";"50/50"
2025-08-11;"HORTIFRUTI E SUPERMER";"Feira";"C6";"C6";24.11;"Efetivado";"50/50"
2025-08-11;"TATIANEDESOUSA";"Feira";"C6";"C6";20;"Efetivado";"50/50"
2025-08-11;"IFD*OUTBACK STEAKHOUSE";"Restaurantes";"C6";"C6";101.88;"Efetivado";"50/50"
2025-08-11;"PAES E DOCES CORTEZ";"Padaria";"C6";"C6";39.29;"Efetivado";"50/50"
2025-08-11;"MR MERCADOS";"Mercado";"C6";"C6";37.19;"Efetivado";"50/50"
2025-08-11;"MR MERCADOS";"Mercado";"C6";"C6";18.03;"Efetivado";"50/50"
2025-08-11;"CENTURY PAES E DOCES L";"Padaria";"C6";"C6";16.4;"Efetivado";"50/50"
2025-07-14;"HGLG11";"Dividendos";"C6";"";7.7;"Efetivado";"100% Silvia"
2025-07-14;"HGRU11";"Dividendos";"C6";"";7.75;"Efetivado";"100% Silvia"
2025-07-14;"TGAR11";"Dividendos";"C6";"";75;"Efetivado";"100% Silvia"
2025-07-14;"TRXF13";"Dividendos";"C6";"";214.54;"Efetivado";"100% Silvia"
2025-07-14;"TRXF11";"Dividendos";"C6";"";744.43;"Efetivado";"100% Silvia"
2025-07-14;"RECR11";"Dividendos";"C6";"";760.57;"Efetivado";"100% Silvia"
2025-07-15;"net mae";"Net - mãe";"Bradesco";"";369.68;"Efetivado";"100% Silvia"
2025-08-11;"POP 15JUL 15H19MIN";"Uber";"C6";"C6";55.3;"Efetivado";"100% Silvia"
2025-08-11;"PANIF LA PLAZA";"Padaria";"C6";"C6";39.78;"Efetivado";"100% Silvia"
2025-07-15;"salario";"Salario";"Bradesco";"";14629;"Efetivado";"100% Silvia"
2025-07-16;"TV";"Móveis";"Nubank";"";3100;"Efetivado";"50/50"
2025-08-19;"almoço";"Restaurantes";"Nubank";"Nubank";74.13;"Efetivado";"100% Silvia"
2025-08-11;"99APP       *99APP";"Uber";"C6";"C6";58.87;"Efetivado";"100% Silvia"
2025-08-11;"PANIF LA PLAZA";"Padaria";"C6";"C6";39.87;"Efetivado";"100% Silvia"
2025-07-17;"Cha bebe Mari";"Presentes";"C6";"";100;"Efetivado";"100% Silvia"
2025-08-19;"almoço";"Restaurantes";"Nubank";"Nubank";72.06;"Efetivado";"100% Silvia"
2025-08-11;"MR MERCADOS";"Mercado";"C6";"C6";49.5;"Efetivado";"50/50"
2025-07-17;"VGIP11";"Dividendos";"C6";"";85;"Efetivado";"100% Silvia"
2025-07-18;"enel";"Energia";"C6";"";105.22;"Efetivado";"50/50"
2025-08-11;"IFD*JACSSON COMERCIO D";"Restaurantes";"C6";"C6";77.89;"Efetivado";"50/50"
2025-08-11;"AMAZON BR";"Diversos";"C6";"C6";19.9;"Efetivado";"100% Silvia"
2025-08-11;"ULTRA BOI";"Açougue";"C6";"C6";133.89;"Efetivado";"50/50"
2025-08-11;"DROGASIL3486";"Farmácia";"C6";"C6";112.51;"Efetivado";"100% Silvia"
2025-08-11;"PANIFICADORA ALIANCA";"Padaria";"C6";"C6";24.7;"Efetivado";"50/50"
2025-08-11;"TATIANEDESOUSA";"Feira";"C6";"C6";20;"Efetivado";"50/50"
2025-08-11;"AMAZON BR";"Diversos";"C6";"C6";17;"Efetivado";"100% Silvia"
2025-08-11;"ADRIANODEJESUS";"Feira";"C6";"C6";15;"Efetivado";"50/50"
2025-08-11;"RICARDORODRIGUES";"Feira";"C6";"C6";11;"Efetivado";"50/50"
2025-08-11;"THE BEST ACAI MANDAQUI";"Restaurantes";"C6";"C6";18.19;"Efetivado";"50/50"
2025-08-11;"D'ART PAES E DOCES";"Padaria";"C6";"C6";7.1;"Efetivado";"50/50"
2025-07-20;"rendimentos";"Rendimentos";"Nubank";"";29.42;"Efetivado";"100% Silvia"
2025-07-21;"condominio";"Condominio";"C6";"";965.96;"Efetivado";"50/50"
2025-07-21;"pizza";"Restaurantes";"Bradesco";"";66;"Efetivado";"100% Silvia"
2025-08-11;"MR MERCADOS";"Mercado";"C6";"C6";59.7;"Efetivado";"50/50"
2025-08-11;"POSTO SERV AVANTGARDE";"Combustível";"C6";"C6";50;"Efetivado";"50/50"
2025-08-11;"PANIF LA PLAZA";"Padaria";"C6";"C6";39.87;"Efetivado";"100% Silvia"
2025-08-19;"uber";"Uber";"Nubank";"Nubank";133.8;"Efetivado";"100% Silvia"
2025-08-19;"almoço";"Restaurantes";"Nubank";"Nubank";114;"Efetivado";"100% Silvia"
2025-08-11;"POP 23JUL 15H20MIN";"Uber";"C6";"C6";42.3;"Efetivado";"100% Silvia"
2025-08-11;"PANIF LA PLAZA";"Padaria";"C6";"C6";41.87;"Efetivado";"100% Silvia"
2025-08-11;"MR MERCADOS";"Mercado";"C6";"C6";31.25;"Efetivado";"50/50"
2025-08-11;"99APP       *99APP";"Uber";"C6";"C6";12.85;"Efetivado";"100% Silvia"
2025-08-11;"IFD*THE ROUTE BURGUER";"Restaurantes";"C6";"C6";80.29;"Efetivado";"50/50"
2025-08-19;"almoço";"Restaurantes";"Nubank";"Nubank";64.68;"Efetivado";"100% Silvia"
2025-08-11;"POP 24JUL 15H30MIN";"Uber";"C6";"C6";37.04;"Efetivado";"100% Silvia"
2025-08-11;"POP 24JUL 12H28MIN";"Uber";"C6";"C6";31.92;"Efetivado";"100% Silvia"
2025-08-11;"D'ART PAES E DOCES";"Padaria";"C6";"C6";18;"Efetivado";"50/50"
2025-08-11;"99APP       *99APP";"Uber";"C6";"C6";13.96;"Efetivado";"100% Silvia"
2025-08-11;"99APP       *99APP";"Uber";"C6";"C6";13.51;"Efetivado";"100% Silvia"
2025-08-11;"CASA DE ADELIA-RESTAU";"Restaurantes";"C6";"C6";92.12;"Efetivado";"50/50"
2025-07-25;"pizza";"Restaurantes";"Bradesco";"";56;"Efetivado";"100% Silvia"
2025-08-11;"REST FERNANDES QUEIROL";"Restaurantes";"C6";"C6";11;"Efetivado";"50/50"
2025-07-25;"XPML11";"Dividendos";"C6";"";184;"Efetivado";"100% Silvia"
2025-08-11;"SOFISERV AUTO POSTO";"Combustível";"C6";"C6";50;"Efetivado";"50/50"
2025-08-11;"LA RIVIERA PADARIA";"Restaurantes";"C6";"C6";46.9;"Efetivado";"50/50"
2025-08-11;"MR MERCADOS";"Mercado";"C6";"C6";7.99;"Efetivado";"50/50"
2025-08-11;"MR MERCADOS";"Mercado";"C6";"C6";5.64;"Efetivado";"50/50"
2025-08-11;"IFD*OUTBACK STEAKHOUSE";"Restaurantes";"C6";"C6";136.78;"Efetivado";"50/50"
2025-08-11;"IFD*COMPANHIA BRASILEI";"Restaurantes";"C6";"C6";84.55;"Efetivado";"50/50"
2025-08-11;"THE BEST ACAI MANDAQUI";"Restaurantes";"C6";"C6";44.02;"Efetivado";"50/50"
2025-07-27;"estacionamento";"Estacionamento";"C6";"";24;"Efetivado";"50/50"
2025-07-28;"gas";"Gas";"C6";"";245.14;"Efetivado";"50/50"
2025-08-11;"ULTRA BOI";"Açougue";"C6";"C6";132.18;"Efetivado";"50/50"
2025-07-28;"pizza";"Restaurantes";"Bradesco";"";66;"Efetivado";"100% Silvia"
2025-08-11;"NELSON ARINI JUNIOR";"Feira";"C6";"C6";28;"Efetivado";"50/50"
2025-08-11;"MR MERCADOS";"Mercado";"C6";"C6";22.2;"Efetivado";"50/50"
2025-08-11;"HORTIFRUTI E SUPERMER";"Feira";"C6";"C6";20.44;"Efetivado";"50/50"
2025-08-11;"MR MERCADOS";"Mercado";"C6";"C6";25.06;"Efetivado";"50/50"
2025-07-30;"salario";"Salario";"Bradesco";"";6801;"Efetivado";"100% Silvia"
2025-07-31;"convenio";"Convenio - mãe";"Bradesco";"";1155;"Efetivado";"100% Silvia"
2025-08-11;"MR MERCADOS";"Mercado";"C6";"C6";50.61;"Efetivado";"50/50"
2025-08-19;"mercado";"Mercado";"Nubank";"Nubank";14.84;"Efetivado";"50/50"
2025-08-11;"D'ART PAES E DOCES";"Padaria";"C6";"C6";14.5;"Efetivado";"50/50"
2025-07-31;"rendimentos";"Rendimentos";"Nubank";"";5.71;"Efetivado";"100% Silvia"
2025-08-02;"estacionamento";"Estacionamento";"C6";"";26;"Efetivado";"50/50"
2025-08-03;"Estacionamento";"Estacionamento";"C6";"";20;"Efetivado";"50/50"
2025-08-04;"pizza";"Restaurantes";"Bradesco";"";79;"Efetivado";"100% Silvia"
2025-08-04;"Carteira";"Cursos";"Bradesco";"";19.9;"Efetivado";"100% Silvia"
2025-08-04;"Resgate CDB";"Rendimentos";"Bradesco";"";0.02;"Efetivado";"100% Silvia"
2025-08-05;"Net";"Internet";"C6";"";265.8;"Efetivado";"50/50"
2025-08-05;"Claro";"Celular";"Bradesco";"";61.31;"Efetivado";"100% Silvia"
2025-08-05;"Resgate CDB";"Rendimentos";"Bradesco";"";0.01;"Efetivado";"100% Silvia"
2025-08-19;"almoço";"Restaurantes";"Nubank";"Nubank";38.98;"Efetivado";"100% Silvia"
2025-08-19;"almoço";"Restaurantes";"Nubank";"Nubank";53.9;"Efetivado";"100% Silvia"
2025-08-07;"Resgate CDB";"Rendimentos";"Bradesco";"";3.25;"Efetivado";"100% Silvia"
2025-08-08;"Ferias";"Salario";"Bradesco";"";5104;"Efetivado";"100% Silvia"
2025-08-11;"Planilha";"Cursos";"Bradesco";"";110.25;"Efetivado";"100% Silvia"
2025-08-11;"Pizza";"Restaurantes";"Bradesco";"";69;"Efetivado";"100% Silvia"
2025-08-11;"Resgate CDB";"Rendimentos";"Bradesco";"";0.02;"Efetivado";"100% Silvia"
2025-08-11;"Aluguel";"Aluguel";"Nubank";"";1437.15;"Efetivado";"50/50"
2025-08-13;"Rendimentos";"Rendimentos";"Nubank";"";18.15;"Efetivado";"100% Silvia"
2025-08-13;"KNCR11";"Dividendos";"C6";"";24.3;"Efetivado";"100% Silvia"
2025-08-14;"Estacionamento";"Estacionamento";"C6";"";24;"Efetivado";"50/50"
2025-08-14;"TGAR11";"Dividendos";"C6";"";75;"Efetivado";"100% Silvia"
2025-08-14;"TRXF11";"Dividendos";"C6";"";686.34;"Efetivado";"100% Silvia"
2025-08-14;"RECR11";"Dividendos";"C6";"";827.37;"Efetivado";"100% Silvia"
2025-08-15;"Net mae";"Net - mãe";"Bradesco";"";381.06;"Efetivado";"100% Silvia"
2025-08-15;"Resgate CDB";"Rendimentos";"Bradesco";"";0.01;"Efetivado";"100% Silvia"
2025-08-16;"Michelle";"Padaria";"C6";"";38.66;"Efetivado";"50/50"
2025-08-18;"enel";"Energia";"C6";"";115.59;"Efetivado";"50/50"
2025-08-18;"Pizza";"Delivery";"Bradesco";"";69;"Efetivado";"50/50"
2025-08-18;"Dep Nelson";"Deposito Nelson";"C6";"";1500;"Efetivado";"50/50"
2025-08-18;"salario";"Salario";"Bradesco";"";12191;"Efetivado";"100% Silvia"
2025-08-19;"Resgate CDB";"Rendimentos";"Bradesco";"";0.04;"Efetivado";"100% Silvia"
2025-08-19;"VGIP11";"Dividendos";"C6";"";51.68;"Efetivado";"100% Silvia"
2025-08-20;"Condominio";"Condominio";"C6";"";965.96;"Efetivado";"50/50"
2025-08-20;"PETR4";"Dividendos";"C6";"";117.85;"Efetivado";"100% Silvia"
2025-08-21;"Pizza";"Delivery";"Bradesco";"";57;"Efetivado";"50/50"
2025-08-23;"Estacionamento";"Estacionamento";"C6";"";26;"Efetivado";"50/50"
2025-08-25;"GAS";"Gas";"C6";"";242.24;"Efetivado";"50/50"
2025-08-25;"Madero";"Restaurantes";"Bradesco";"";140.64;"Efetivado";"100% Silvia"
2025-08-25;"XPML11";"Dividendos";"C6";"";184;"Efetivado";"100% Silvia"
2025-08-28;"Pipoca gourmet";"Diversos";"Bradesco";"";120;"Efetivado";"100% Silvia"
2025-08-28;"Resgate CDB";"Rendimentos";"Bradesco";"";0.16;"Efetivado";"100% Silvia"
2025-08-29;"convenio";"Convenio - mãe";"Bradesco";"";1155;"Efetivado";"100% Silvia"
2025-08-29;"Madero";"Delivery";"Bradesco";"";129.11;"Efetivado";"50/50"
2025-08-29;"Resgate CDB";"Rendimentos";"Bradesco";"";0.36;"Efetivado";"100% Silvia"
2025-08-29;"salario";"Salario";"Bradesco";"";6331;"Efetivado";"100% Silvia"
2025-08-31;"Rendimentos";"Rendimentos";"Nubank";"";11.13;"Efetivado";"100% Silvia"
2025-09-01;"Pizza";"Delivery";"Bradesco";"";69;"Efetivado";"50/50"